dataset,variable,est,value,type,group
analytic,dmagediag,mean,63.43575030118754,Continuous,NA
analytic,dmagediag,sd,12.442862032339296,Continuous,NA
analytic,dmagediag,median,65,Continuous,NA
analytic,dmagediag,q25,53.00547945,Continuous,NA
analytic,dmagediag,q75,73,Continuous,NA
analytic,dmagediag,min,30,Continuous,NA
analytic,dmagediag,max,100,Continuous,NA
analytic,dmagediag,freq,3377,Continuous,NA
analytic,dmagediag,missing,0,Continuous,NA
analytic,bmi,mean,33.16580757242523,Continuous,NA
analytic,bmi,sd,7.020495992994325,Continuous,NA
analytic,bmi,median,32.06447188,Continuous,NA
analytic,bmi,q25,28.19712585,Continuous,NA
analytic,bmi,q75,37.14065069,Continuous,NA
analytic,bmi,min,15.89644122,Continuous,NA
analytic,bmi,max,74.16105934,Continuous,NA
analytic,bmi,freq,3377,Continuous,NA
analytic,bmi,missing,0,Continuous,NA
analytic,hba1c,mean,6.368818477939,Continuous,NA
analytic,hba1c,sd,0.9287608612976644,Continuous,NA
analytic,hba1c,median,6.3,Continuous,NA
analytic,hba1c,q25,5.8,Continuous,NA
analytic,hba1c,q75,6.7,Continuous,NA
analytic,hba1c,min,3.2,Continuous,NA
analytic,hba1c,max,17.2,Continuous,NA
analytic,hba1c,freq,3377,Continuous,NA
analytic,hba1c,missing,0,Continuous,NA
analytic,glucosef2,mean,6.91014739488117,Continuous,NA
analytic,glucosef2,sd,1.5663607048040271,Continuous,NA
analytic,glucosef2,median,6.8265,Continuous,NA
analytic,glucosef2,q25,5.994,Continuous,NA
analytic,glucosef2,q75,7.437,Continuous,NA
analytic,glucosef2,min,3.441,Continuous,NA
analytic,glucosef2,max,22.866,Continuous,NA
analytic,glucosef2,freq,3282,Continuous,NA
analytic,glucosef2,missing,95,Continuous,NA
analytic,insulinf2,mean,192.84021275096887,Continuous,NA
analytic,insulinf2,sd,170.8844648237925,Continuous,NA
analytic,insulinf2,median,144,Continuous,NA
analytic,insulinf2,q25,84.66,Continuous,NA
analytic,insulinf2,q75,240.3,Continuous,NA
analytic,insulinf2,min,1.2,Continuous,NA
analytic,insulinf2,max,1850.4,Continuous,NA
analytic,insulinf2,freq,2839,Continuous,NA
analytic,insulinf2,missing,538,Continuous,NA
analytic,homa2b,mean,127.3065201984408,Continuous,NA
analytic,homa2b,sd,86.42532488393249,Continuous,NA
analytic,homa2b,median,108.05,Continuous,NA
analytic,homa2b,q25,73.3,Continuous,NA
analytic,homa2b,q75,156.375,Continuous,NA
analytic,homa2b,min,0.5,Continuous,NA
analytic,homa2b,max,1250.5,Continuous,NA
analytic,homa2b,freq,2822,Continuous,NA
analytic,homa2b,missing,555,Continuous,NA
analytic,homa2ir,mean,3.6442800003051024,Continuous,NA
analytic,homa2ir,sd,2.8721831687726014,Continuous,NA
analytic,homa2ir,median,2.849002849,Continuous,NA
analytic,homa2ir,q25,1.709401709,Continuous,NA
analytic,homa2ir,q75,4.672897196,Continuous,NA
analytic,homa2ir,min,0.049152126,Continuous,NA
analytic,homa2ir,max,27.02702703,Continuous,NA
analytic,homa2ir,freq,2822,Continuous,NA
analytic,homa2ir,missing,555,Continuous,NA
analytic,ldlc,mean,107.99395687822657,Continuous,NA
analytic,ldlc,sd,34.468164779621965,Continuous,NA
analytic,ldlc,median,106,Continuous,NA
analytic,ldlc,q25,83,Continuous,NA
analytic,ldlc,q75,129,Continuous,NA
analytic,ldlc,min,18,Continuous,NA
analytic,ldlc,max,277,Continuous,NA
analytic,ldlc,freq,3293,Continuous,NA
analytic,ldlc,missing,84,Continuous,NA
analytic,hdlc,mean,47.55356605476976,Continuous,NA
analytic,hdlc,sd,12.77319124503563,Continuous,NA
analytic,hdlc,median,46,Continuous,NA
analytic,hdlc,q25,39,Continuous,NA
analytic,hdlc,q75,54,Continuous,NA
analytic,hdlc,min,17,Continuous,NA
analytic,hdlc,max,136,Continuous,NA
analytic,hdlc,freq,3323,Continuous,NA
analytic,hdlc,missing,54,Continuous,NA
analytic,tgl,mean,148.33854950346068,Continuous,NA
analytic,tgl,sd,104.29625135594293,Continuous,NA
analytic,tgl,median,127,Continuous,NA
analytic,tgl,q25,92,Continuous,NA
analytic,tgl,q75,175,Continuous,NA
analytic,tgl,min,30,Continuous,NA
analytic,tgl,max,3065,Continuous,NA
analytic,tgl,freq,3323,Continuous,NA
analytic,tgl,missing,54,Continuous,NA
analytic,sbp,mean,125.58600041474638,Continuous,NA
analytic,sbp,sd,18.64008119478584,Continuous,NA
analytic,sbp,median,124.6666667,Continuous,NA
analytic,sbp,q25,114,Continuous,NA
analytic,sbp,q75,136.6666667,Continuous,NA
analytic,sbp,min,52.66666667,Continuous,NA
analytic,sbp,max,213.6666667,Continuous,NA
analytic,sbp,freq,3371,Continuous,NA
analytic,sbp,missing,6,Continuous,NA
analytic,dbp,mean,74.17586235527448,Continuous,NA
analytic,dbp,sd,14.623094996313139,Continuous,NA
analytic,dbp,median,73,Continuous,NA
analytic,dbp,q25,65,Continuous,NA
analytic,dbp,q75,81,Continuous,NA
analytic,dbp,min,34,Continuous,NA
analytic,dbp,max,159.3333333,Continuous,NA
analytic,dbp,freq,3371,Continuous,NA
analytic,dbp,missing,6,Continuous,NA
analytic,ratio_th,mean,3.5283799814348478,Continuous,NA
analytic,ratio_th,sd,3.3159170010388146,Continuous,NA
analytic,ratio_th,median,2.780487805,Continuous,NA
analytic,ratio_th,q25,1.8151400094999999,Continuous,NA
analytic,ratio_th,q75,4.2347001225,Continuous,NA
analytic,ratio_th,min,0.333333333,Continuous,NA
analytic,ratio_th,max,87.57142857,Continuous,NA
analytic,ratio_th,freq,3323,Continuous,NA
analytic,ratio_th,missing,54,Continuous,NA
analytic,ast,mean,25.35344827586207,Continuous,NA
analytic,ast,sd,14.32131540615312,Continuous,NA
analytic,ast,median,22,Continuous,NA
analytic,ast,q25,18.75,Continuous,NA
analytic,ast,q75,27.25,Continuous,NA
analytic,ast,min,13,Continuous,NA
analytic,ast,max,134,Continuous,NA
analytic,ast,freq,116,Continuous,NA
analytic,ast,missing,3261,Continuous,NA
analytic,alt,mean,26.318965517241377,Continuous,NA
analytic,alt,sd,23.32626776010668,Continuous,NA
analytic,alt,median,20,Continuous,NA
analytic,alt,q25,15,Continuous,NA
analytic,alt,q75,31,Continuous,NA
analytic,alt,min,8,Continuous,NA
analytic,alt,max,232,Continuous,NA
analytic,alt,freq,116,Continuous,NA
analytic,alt,missing,3261,Continuous,NA
analytic,urinealbumin,mean,4.468962962962964,Continuous,NA
analytic,urinealbumin,sd,29.232484377042077,Continuous,NA
analytic,urinealbumin,median,1,Continuous,NA
analytic,urinealbumin,q25,0.5,Continuous,NA
analytic,urinealbumin,q75,2.2,Continuous,NA
analytic,urinealbumin,min,0.061,Continuous,NA
analytic,urinealbumin,max,1060,Continuous,NA
analytic,urinealbumin,freq,1944,Continuous,NA
analytic,urinealbumin,missing,1433,Continuous,NA
analytic,urinecreatinine,mean,137.37905138339923,Continuous,NA
analytic,urinecreatinine,sd,78.96780460920863,Continuous,NA
analytic,urinecreatinine,median,127.3,Continuous,NA
analytic,urinecreatinine,q25,79.9,Continuous,NA
analytic,urinecreatinine,q75,178.10000000000002,Continuous,NA
analytic,urinecreatinine,min,8.5,Continuous,NA
analytic,urinecreatinine,max,562,Continuous,NA
analytic,urinecreatinine,freq,759,Continuous,NA
analytic,urinecreatinine,missing,2618,Continuous,NA
analytic,uacr,mean,27.11162683861214,Continuous,NA
analytic,uacr,sd,80.10908007572424,Continuous,NA
analytic,uacr,median,7.3186090225000004,Continuous,NA
analytic,uacr,q25,4,Continuous,NA
analytic,uacr,q75,16.5,Continuous,NA
analytic,uacr,min,1.1,Continuous,NA
analytic,uacr,max,894.5454545,Continuous,NA
analytic,uacr,freq,758,Continuous,NA
analytic,uacr,missing,2619,Continuous,NA
analytic,egfr,mean,85.6731385840108,Continuous,NA
analytic,egfr,sd,25.872637475822028,Continuous,NA
analytic,egfr,median,83.44193042500001,Continuous,NA
analytic,egfr,q25,68.8648992225,Continuous,NA
analytic,egfr,q75,101.700976675,Continuous,NA
analytic,egfr,min,18.49344756,Continuous,NA
analytic,egfr,max,227.9262615,Continuous,NA
analytic,egfr,freq,556,Continuous,NA
analytic,egfr,missing,2821,Continuous,NA
complete,dmagediag,mean,63.05782747130094,Continuous,NA
complete,dmagediag,sd,12.544809431967819,Continuous,NA
complete,dmagediag,median,64,Continuous,NA
complete,dmagediag,q25,52.505479449999996,Continuous,NA
complete,dmagediag,q75,73,Continuous,NA
complete,dmagediag,min,30,Continuous,NA
complete,dmagediag,max,90,Continuous,NA
complete,dmagediag,freq,2775,Continuous,NA
complete,dmagediag,missing,0,Continuous,NA
complete,bmi,mean,33.354009223441444,Continuous,NA
complete,bmi,sd,6.98614207022611,Continuous,NA
complete,bmi,median,32.31679563,Continuous,NA
complete,bmi,q25,28.285626595,Continuous,NA
complete,bmi,q75,37.27670038,Continuous,NA
complete,bmi,min,15.89644122,Continuous,NA
complete,bmi,max,74.16105934,Continuous,NA
complete,bmi,freq,2775,Continuous,NA
complete,bmi,missing,0,Continuous,NA
complete,hba1c,mean,6.330342342342342,Continuous,NA
complete,hba1c,sd,0.8836627367332209,Continuous,NA
complete,hba1c,median,6.2,Continuous,NA
complete,hba1c,q25,5.8,Continuous,NA
complete,hba1c,q75,6.6,Continuous,NA
complete,hba1c,min,3.2,Continuous,NA
complete,hba1c,max,17.2,Continuous,NA
complete,hba1c,freq,2775,Continuous,NA
complete,hba1c,missing,0,Continuous,NA
complete,glucosef2,mean,6.89599,Continuous,NA
complete,glucosef2,sd,1.4930326615470582,Continuous,NA
complete,glucosef2,median,6.8265,Continuous,NA
complete,glucosef2,q25,5.994,Continuous,NA
complete,glucosef2,q75,7.437,Continuous,NA
complete,glucosef2,min,3.441,Continuous,NA
complete,glucosef2,max,21.201,Continuous,NA
complete,glucosef2,freq,2775,Continuous,NA
complete,glucosef2,missing,0,Continuous,NA
complete,insulinf2,mean,192.97898162162159,Continuous,NA
complete,insulinf2,sd,169.27549086946428,Continuous,NA
complete,insulinf2,median,144,Continuous,NA
complete,insulinf2,q25,85.77,Continuous,NA
complete,insulinf2,q75,241.8,Continuous,NA
complete,insulinf2,min,1.2,Continuous,NA
complete,insulinf2,max,1850.4,Continuous,NA
complete,insulinf2,freq,2775,Continuous,NA
complete,insulinf2,missing,0,Continuous,NA
complete,homa2b,mean,127.64111711711706,Continuous,NA
complete,homa2b,sd,86.63676736084498,Continuous,NA
complete,homa2b,median,108.4,Continuous,NA
complete,homa2b,q25,73.3,Continuous,NA
complete,homa2b,q75,156.95,Continuous,NA
complete,homa2b,min,0.5,Continuous,NA
complete,homa2b,max,1250.5,Continuous,NA
complete,homa2b,freq,2775,Continuous,NA
complete,homa2b,missing,0,Continuous,NA
complete,homa2ir,mean,3.630631461128288,Continuous,NA
complete,homa2ir,sd,2.844308116772012,Continuous,NA
complete,homa2ir,median,2.840909091,Continuous,NA
complete,homa2ir,q25,1.706484642,Continuous,NA
complete,homa2ir,q75,4.672897196,Continuous,NA
complete,homa2ir,min,0.049152126,Continuous,NA
complete,homa2ir,max,27.02702703,Continuous,NA
complete,homa2ir,freq,2775,Continuous,NA
complete,homa2ir,missing,0,Continuous,NA
complete,ldlc,mean,107.69578378378388,Continuous,NA
complete,ldlc,sd,34.44387899946833,Continuous,NA
complete,ldlc,median,106,Continuous,NA
complete,ldlc,q25,83,Continuous,NA
complete,ldlc,q75,130,Continuous,NA
complete,ldlc,min,18,Continuous,NA
complete,ldlc,max,277,Continuous,NA
complete,ldlc,freq,2775,Continuous,NA
complete,ldlc,missing,0,Continuous,NA
complete,hdlc,mean,47.40043243243249,Continuous,NA
complete,hdlc,sd,12.653046623403817,Continuous,NA
complete,hdlc,median,46,Continuous,NA
complete,hdlc,q25,39,Continuous,NA
complete,hdlc,q75,54,Continuous,NA
complete,hdlc,min,17,Continuous,NA
complete,hdlc,max,122,Continuous,NA
complete,hdlc,freq,2775,Continuous,NA
complete,hdlc,missing,0,Continuous,NA
complete,tgl,mean,145.73765765765785,Continuous,NA
complete,tgl,sd,82.45526854180336,Continuous,NA
complete,tgl,median,128,Continuous,NA
complete,tgl,q25,94,Continuous,NA
complete,tgl,q75,175,Continuous,NA
complete,tgl,min,35,Continuous,NA
complete,tgl,max,1521,Continuous,NA
complete,tgl,freq,2775,Continuous,NA
complete,tgl,missing,0,Continuous,NA
complete,sbp,mean,124.93859114655496,Continuous,NA
complete,sbp,sd,18.274640867254888,Continuous,NA
complete,sbp,median,124,Continuous,NA
complete,sbp,q25,113.6666667,Continuous,NA
complete,sbp,q75,136,Continuous,NA
complete,sbp,min,52.66666667,Continuous,NA
complete,sbp,max,201,Continuous,NA
complete,sbp,freq,2775,Continuous,NA
complete,sbp,missing,0,Continuous,NA
complete,dbp,mean,74.60975535125404,Continuous,NA
complete,dbp,sd,14.950103754638121,Continuous,NA
complete,dbp,median,73,Continuous,NA
complete,dbp,q25,65.66666667,Continuous,NA
complete,dbp,q75,81,Continuous,NA
complete,dbp,min,34,Continuous,NA
complete,dbp,max,159.3333333,Continuous,NA
complete,dbp,freq,2775,Continuous,NA
complete,dbp,missing,0,Continuous,NA
complete,ratio_th,mean,3.460241263314234,Continuous,NA
complete,ratio_th,sd,2.7755981984175366,Continuous,NA
complete,ratio_th,median,2.814814815,Continuous,NA
complete,ratio_th,q25,1.838247508,Continuous,NA
complete,ratio_th,q75,4.240042674,Continuous,NA
complete,ratio_th,min,0.352459016,Continuous,NA
complete,ratio_th,max,60.84,Continuous,NA
complete,ratio_th,freq,2775,Continuous,NA
complete,ratio_th,missing,0,Continuous,NA
complete,ast,mean,25.38938053097345,Continuous,NA
complete,ast,sd,14.4873304429364,Continuous,NA
complete,ast,median,22,Continuous,NA
complete,ast,q25,19,Continuous,NA
complete,ast,q75,27,Continuous,NA
complete,ast,min,13,Continuous,NA
complete,ast,max,134,Continuous,NA
complete,ast,freq,113,Continuous,NA
complete,ast,missing,2662,Continuous,NA
complete,alt,mean,26.28318584070796,Continuous,NA
complete,alt,sd,23.544209565103515,Continuous,NA
complete,alt,median,20,Continuous,NA
complete,alt,q25,15,Continuous,NA
complete,alt,q75,31,Continuous,NA
complete,alt,min,8,Continuous,NA
complete,alt,max,232,Continuous,NA
complete,alt,freq,113,Continuous,NA
complete,alt,missing,2662,Continuous,NA
complete,urinealbumin,mean,4.315950177935942,Continuous,NA
complete,urinealbumin,sd,31.948346547045375,Continuous,NA
complete,urinealbumin,median,0.9,Continuous,NA
complete,urinealbumin,q25,0.5,Continuous,NA
complete,urinealbumin,q75,2,Continuous,NA
complete,urinealbumin,min,0.061,Continuous,NA
complete,urinealbumin,max,1060,Continuous,NA
complete,urinealbumin,freq,1405,Continuous,NA
complete,urinealbumin,missing,1370,Continuous,NA
complete,urinecreatinine,mean,128.52719546742208,Continuous,NA
complete,urinecreatinine,sd,75.50705338296656,Continuous,NA
complete,urinecreatinine,median,119,Continuous,NA
complete,urinecreatinine,q25,75.7,Continuous,NA
complete,urinecreatinine,q75,166,Continuous,NA
complete,urinecreatinine,min,8.5,Continuous,NA
complete,urinecreatinine,max,517,Continuous,NA
complete,urinecreatinine,freq,353,Continuous,NA
complete,urinecreatinine,missing,2422,Continuous,NA
complete,uacr,mean,23.23494541943167,Continuous,NA
complete,uacr,sd,61.99100045386776,Continuous,NA
complete,uacr,median,7,Continuous,NA
complete,uacr,q25,3.992537313,Continuous,NA
complete,uacr,q75,16.4,Continuous,NA
complete,uacr,min,1.1,Continuous,NA
complete,uacr,max,774.5762712,Continuous,NA
complete,uacr,freq,461,Continuous,NA
complete,uacr,missing,2314,Continuous,NA
complete,egfr,mean,86.57177040644659,Continuous,NA
complete,egfr,sd,25.5814243455401,Continuous,NA
complete,egfr,median,84.3,Continuous,NA
complete,egfr,q25,69.11005226,Continuous,NA
complete,egfr,q75,102.39459124999999,Continuous,NA
complete,egfr,min,18.49344756,Continuous,NA
complete,egfr,max,227.9262615,Continuous,NA
complete,egfr,freq,515,Continuous,NA
complete,egfr,missing,2260,Continuous,NA
excluded_diagnosed,dmagediag,mean,60.12284503061925,Continuous,NA
excluded_diagnosed,dmagediag,sd,12.701827990907283,Continuous,NA
excluded_diagnosed,dmagediag,median,60,Continuous,NA
excluded_diagnosed,dmagediag,q25,53,Continuous,NA
excluded_diagnosed,dmagediag,q75,67,Continuous,NA
excluded_diagnosed,dmagediag,min,20,Continuous,NA
excluded_diagnosed,dmagediag,max,93,Continuous,NA
excluded_diagnosed,dmagediag,freq,4246,Continuous,NA
excluded_diagnosed,dmagediag,missing,791,Continuous,NA
excluded_diagnosed,bmi,mean,30.963132998332917,Continuous,NA
excluded_diagnosed,bmi,sd,6.234673009757576,Continuous,NA
excluded_diagnosed,bmi,median,30.12705007,Continuous,NA
excluded_diagnosed,bmi,q25,26.66934218,Continuous,NA
excluded_diagnosed,bmi,q75,34.397542095,Continuous,NA
excluded_diagnosed,bmi,min,14.47639286,Continuous,NA
excluded_diagnosed,bmi,max,62.97610803,Continuous,NA
excluded_diagnosed,bmi,freq,3995,Continuous,NA
excluded_diagnosed,bmi,missing,1042,Continuous,NA
excluded_diagnosed,hba1c,mean,6.09308176100629,Continuous,NA
excluded_diagnosed,hba1c,sd,0.9546103650018843,Continuous,NA
excluded_diagnosed,hba1c,median,5.9,Continuous,NA
excluded_diagnosed,hba1c,q25,5.5,Continuous,NA
excluded_diagnosed,hba1c,q75,6.4,Continuous,NA
excluded_diagnosed,hba1c,min,4.9,Continuous,NA
excluded_diagnosed,hba1c,max,12.5,Continuous,NA
excluded_diagnosed,hba1c,freq,159,Continuous,NA
excluded_diagnosed,hba1c,missing,4878,Continuous,NA
excluded_diagnosed,glucosef2,mean,7.579303150497513,Continuous,NA
excluded_diagnosed,glucosef2,sd,2.4941296448849903,Continuous,NA
excluded_diagnosed,glucosef2,median,7.215,Continuous,NA
excluded_diagnosed,glucosef2,q25,6.1605,Continuous,NA
excluded_diagnosed,glucosef2,q75,7.9365,Continuous,NA
excluded_diagnosed,glucosef2,min,3.3855,Continuous,NA
excluded_diagnosed,glucosef2,max,29.1375,Continuous,NA
excluded_diagnosed,glucosef2,freq,3618,Continuous,NA
excluded_diagnosed,glucosef2,missing,1419,Continuous,NA
excluded_diagnosed,insulinf2,mean,133.6138393731636,Continuous,NA
excluded_diagnosed,insulinf2,sd,143.4976484185909,Continuous,NA
excluded_diagnosed,insulinf2,median,99.84,Continuous,NA
excluded_diagnosed,insulinf2,q25,64.395,Continuous,NA
excluded_diagnosed,insulinf2,q75,157.85,Continuous,NA
excluded_diagnosed,insulinf2,min,0,Continuous,NA
excluded_diagnosed,insulinf2,max,2019.6,Continuous,NA
excluded_diagnosed,insulinf2,freq,2042,Continuous,NA
excluded_diagnosed,insulinf2,missing,2995,Continuous,NA
excluded_diagnosed,homa2b,mean,85.79397710303634,Continuous,NA
excluded_diagnosed,homa2b,sd,51.038359027232715,Continuous,NA
excluded_diagnosed,homa2b,median,78.7,Continuous,NA
excluded_diagnosed,homa2b,q25,53,Continuous,NA
excluded_diagnosed,homa2b,q75,107.9,Continuous,NA
excluded_diagnosed,homa2b,min,2.8,Continuous,NA
excluded_diagnosed,homa2b,max,686.4,Continuous,NA
excluded_diagnosed,homa2b,freq,2009,Continuous,NA
excluded_diagnosed,homa2b,missing,3028,Continuous,NA
excluded_diagnosed,homa2ir,mean,2.5675885995903434,Continuous,NA
excluded_diagnosed,homa2ir,sd,2.01847503797864,Continuous,NA
excluded_diagnosed,homa2ir,median,2.016129032,Continuous,NA
excluded_diagnosed,homa2ir,q25,1.295336788,Continuous,NA
excluded_diagnosed,homa2ir,q75,3.236245955,Continuous,NA
excluded_diagnosed,homa2ir,min,0.147123731,Continuous,NA
excluded_diagnosed,homa2ir,max,22.22222222,Continuous,NA
excluded_diagnosed,homa2ir,freq,2009,Continuous,NA
excluded_diagnosed,homa2ir,missing,3028,Continuous,NA
excluded_diagnosed,ldlc,mean,124.47907867820605,Continuous,NA
excluded_diagnosed,ldlc,sd,39.11125143465068,Continuous,NA
excluded_diagnosed,ldlc,median,123,Continuous,NA
excluded_diagnosed,ldlc,q25,97.939,Continuous,NA
excluded_diagnosed,ldlc,q75,149,Continuous,NA
excluded_diagnosed,ldlc,min,5,Continuous,NA
excluded_diagnosed,ldlc,max,389.4,Continuous,NA
excluded_diagnosed,ldlc,freq,3813,Continuous,NA
excluded_diagnosed,ldlc,missing,1224,Continuous,NA
excluded_diagnosed,hdlc,mean,39.86289825282638,Continuous,NA
excluded_diagnosed,hdlc,sd,18.569540575045586,Continuous,NA
excluded_diagnosed,hdlc,median,40,Continuous,NA
excluded_diagnosed,hdlc,q25,30,Continuous,NA
excluded_diagnosed,hdlc,q75,51,Continuous,NA
excluded_diagnosed,hdlc,min,0,Continuous,NA
excluded_diagnosed,hdlc,max,142.524,Continuous,NA
excluded_diagnosed,hdlc,freq,3892,Continuous,NA
excluded_diagnosed,hdlc,missing,1145,Continuous,NA
excluded_diagnosed,tgl,mean,168.51278772378518,Continuous,NA
excluded_diagnosed,tgl,sd,135.62209815309558,Continuous,NA
excluded_diagnosed,tgl,median,137,Continuous,NA
excluded_diagnosed,tgl,q25,96,Continuous,NA
excluded_diagnosed,tgl,q75,200,Continuous,NA
excluded_diagnosed,tgl,min,22,Continuous,NA
excluded_diagnosed,tgl,max,3234,Continuous,NA
excluded_diagnosed,tgl,freq,3910,Continuous,NA
excluded_diagnosed,tgl,missing,1127,Continuous,NA
excluded_diagnosed,sbp,mean,144.03905939695306,Continuous,NA
excluded_diagnosed,sbp,sd,23.336138438929016,Continuous,NA
excluded_diagnosed,sbp,median,143.3333333,Continuous,NA
excluded_diagnosed,sbp,q25,129.3333333,Continuous,NA
excluded_diagnosed,sbp,q75,158.3333333,Continuous,NA
excluded_diagnosed,sbp,min,54,Continuous,NA
excluded_diagnosed,sbp,max,281,Continuous,NA
excluded_diagnosed,sbp,freq,4168,Continuous,NA
excluded_diagnosed,sbp,missing,869,Continuous,NA
excluded_diagnosed,dbp,mean,88.28263859557337,Continuous,NA
excluded_diagnosed,dbp,sd,17.103767504720864,Continuous,NA
excluded_diagnosed,dbp,median,90,Continuous,NA
excluded_diagnosed,dbp,q25,75.9166666675,Continuous,NA
excluded_diagnosed,dbp,q75,100.41666665000001,Continuous,NA
excluded_diagnosed,dbp,min,32,Continuous,NA
excluded_diagnosed,dbp,max,163.3333333,Continuous,NA
excluded_diagnosed,dbp,freq,4168,Continuous,NA
excluded_diagnosed,dbp,missing,869,Continuous,NA
excluded_diagnosed,ratio_th,mean,Inf,Continuous,NA
excluded_diagnosed,ratio_th,sd,NA,Continuous,NA
excluded_diagnosed,ratio_th,median,3.703703704,Continuous,NA
excluded_diagnosed,ratio_th,q25,2.098039216,Continuous,NA
excluded_diagnosed,ratio_th,q75,7.1883445945,Continuous,NA
excluded_diagnosed,ratio_th,min,0.287670848,Continuous,NA
excluded_diagnosed,ratio_th,max,Inf,Continuous,NA
excluded_diagnosed,ratio_th,freq,3891,Continuous,NA
excluded_diagnosed,ratio_th,missing,1146,Continuous,NA
excluded_diagnosed,ast,mean,31.692307692307693,Continuous,NA
excluded_diagnosed,ast,sd,16.605142854873886,Continuous,NA
excluded_diagnosed,ast,median,27,Continuous,NA
excluded_diagnosed,ast,q25,21,Continuous,NA
excluded_diagnosed,ast,q75,35,Continuous,NA
excluded_diagnosed,ast,min,16,Continuous,NA
excluded_diagnosed,ast,max,78,Continuous,NA
excluded_diagnosed,ast,freq,13,Continuous,NA
excluded_diagnosed,ast,missing,5024,Continuous,NA
excluded_diagnosed,alt,mean,38.23076923076923,Continuous,NA
excluded_diagnosed,alt,sd,27.16355967760806,Continuous,NA
excluded_diagnosed,alt,median,23,Continuous,NA
excluded_diagnosed,alt,q25,21,Continuous,NA
excluded_diagnosed,alt,q75,46,Continuous,NA
excluded_diagnosed,alt,min,12,Continuous,NA
excluded_diagnosed,alt,max,98,Continuous,NA
excluded_diagnosed,alt,freq,13,Continuous,NA
excluded_diagnosed,alt,missing,5024,Continuous,NA
excluded_diagnosed,urinealbumin,mean,3.6517908101571934,Continuous,NA
excluded_diagnosed,urinealbumin,sd,28.730526407381575,Continuous,NA
excluded_diagnosed,urinealbumin,median,0.41,Continuous,NA
excluded_diagnosed,urinealbumin,q25,0.37,Continuous,NA
excluded_diagnosed,urinealbumin,q75,1.4,Continuous,NA
excluded_diagnosed,urinealbumin,min,0.06,Continuous,NA
excluded_diagnosed,urinealbumin,max,1001.4,Continuous,NA
excluded_diagnosed,urinealbumin,freq,1654,Continuous,NA
excluded_diagnosed,urinealbumin,missing,3383,Continuous,NA
excluded_diagnosed,urinecreatinine,mean,127.7420245398773,Continuous,NA
excluded_diagnosed,urinecreatinine,sd,65.86682634771009,Continuous,NA
excluded_diagnosed,urinecreatinine,median,124.3,Continuous,NA
excluded_diagnosed,urinecreatinine,q25,76.775,Continuous,NA
excluded_diagnosed,urinecreatinine,q75,169.525,Continuous,NA
excluded_diagnosed,urinecreatinine,min,12.8,Continuous,NA
excluded_diagnosed,urinecreatinine,max,398.1,Continuous,NA
excluded_diagnosed,urinecreatinine,freq,326,Continuous,NA
excluded_diagnosed,urinecreatinine,missing,4711,Continuous,NA
excluded_diagnosed,uacr,mean,42.40831292993575,Continuous,NA
excluded_diagnosed,uacr,sd,189.46504292440596,Continuous,NA
excluded_diagnosed,uacr,median,8.55,Continuous,NA
excluded_diagnosed,uacr,q25,4.8,Continuous,NA
excluded_diagnosed,uacr,q75,19.9,Continuous,NA
excluded_diagnosed,uacr,min,1,Continuous,NA
excluded_diagnosed,uacr,max,3425.8,Continuous,NA
excluded_diagnosed,uacr,freq,498,Continuous,NA
excluded_diagnosed,uacr,missing,4539,Continuous,NA
excluded_diagnosed,egfr,mean,81.97409445706697,Continuous,NA
excluded_diagnosed,egfr,sd,20.066788418882872,Continuous,NA
excluded_diagnosed,egfr,median,83.09658714,Continuous,NA
excluded_diagnosed,egfr,q25,68.3,Continuous,NA
excluded_diagnosed,egfr,q75,96.25387298,Continuous,NA
excluded_diagnosed,egfr,min,14.84918473,Continuous,NA
excluded_diagnosed,egfr,max,141.2278167,Continuous,NA
excluded_diagnosed,egfr,freq,433,Continuous,NA
excluded_diagnosed,egfr,missing,4604,Continuous,NA
newly_diagnosed,dmagediag,mean,61.59046684600821,Continuous,NA
newly_diagnosed,dmagediag,sd,12.694078147733327,Continuous,NA
newly_diagnosed,dmagediag,median,61,Continuous,NA
newly_diagnosed,dmagediag,q25,53,Continuous,NA
newly_diagnosed,dmagediag,q75,71,Continuous,NA
newly_diagnosed,dmagediag,min,20,Continuous,NA
newly_diagnosed,dmagediag,max,100,Continuous,NA
newly_diagnosed,dmagediag,freq,7623,Continuous,NA
newly_diagnosed,dmagediag,missing,791,Continuous,NA
newly_diagnosed,bmi,mean,31.972144397778077,Continuous,NA
newly_diagnosed,bmi,sd,6.6963572317432085,Continuous,NA
newly_diagnosed,bmi,median,30.94040543,Continuous,NA
newly_diagnosed,bmi,q25,27.2634313925,Continuous,NA
newly_diagnosed,bmi,q75,35.673252989999995,Continuous,NA
newly_diagnosed,bmi,min,14.47639286,Continuous,NA
newly_diagnosed,bmi,max,74.16105934,Continuous,NA
newly_diagnosed,bmi,freq,7372,Continuous,NA
newly_diagnosed,bmi,missing,1042,Continuous,NA
newly_diagnosed,hba1c,mean,6.356419683257919,Continuous,NA
newly_diagnosed,hba1c,sd,0.9315549916447755,Continuous,NA
newly_diagnosed,hba1c,median,6.2,Continuous,NA
newly_diagnosed,hba1c,q25,5.8,Continuous,NA
newly_diagnosed,hba1c,q75,6.7,Continuous,NA
newly_diagnosed,hba1c,min,3.2,Continuous,NA
newly_diagnosed,hba1c,max,17.2,Continuous,NA
newly_diagnosed,hba1c,freq,3536,Continuous,NA
newly_diagnosed,hba1c,missing,4878,Continuous,NA
newly_diagnosed,glucosef2,mean,7.261017760652174,Continuous,NA
newly_diagnosed,glucosef2,sd,2.130700604111752,Continuous,NA
newly_diagnosed,glucosef2,median,7.0485,Continuous,NA
newly_diagnosed,glucosef2,q25,6.0495,Continuous,NA
newly_diagnosed,glucosef2,q75,7.659,Continuous,NA
newly_diagnosed,glucosef2,min,3.3855,Continuous,NA
newly_diagnosed,glucosef2,max,29.1375,Continuous,NA
newly_diagnosed,glucosef2,freq,6900,Continuous,NA
newly_diagnosed,glucosef2,missing,1514,Continuous,NA
newly_diagnosed,insulinf2,mean,168.0624511370625,Continuous,NA
newly_diagnosed,insulinf2,sd,162.62919615499092,Continuous,NA
newly_diagnosed,insulinf2,median,121.02,Continuous,NA
newly_diagnosed,insulinf2,q25,72.66,Continuous,NA
newly_diagnosed,insulinf2,q75,206.22,Continuous,NA
newly_diagnosed,insulinf2,min,0,Continuous,NA
newly_diagnosed,insulinf2,max,2019.6,Continuous,NA
newly_diagnosed,insulinf2,freq,4881,Continuous,NA
newly_diagnosed,insulinf2,missing,3533,Continuous,NA
newly_diagnosed,homa2b,mean,110.04328296418952,Continuous,NA
newly_diagnosed,homa2b,sd,76.5779851486506,Continuous,NA
newly_diagnosed,homa2b,median,93.2,Continuous,NA
newly_diagnosed,homa2b,q25,63.4,Continuous,NA
newly_diagnosed,homa2b,q75,134.2,Continuous,NA
newly_diagnosed,homa2b,min,0.5,Continuous,NA
newly_diagnosed,homa2b,max,1250.5,Continuous,NA
newly_diagnosed,homa2b,freq,4831,Continuous,NA
newly_diagnosed,homa2b,missing,3583,Continuous,NA
newly_diagnosed,homa2ir,mean,3.1965314960542326,Continuous,NA
newly_diagnosed,homa2ir,sd,2.606457409377347,Continuous,NA
newly_diagnosed,homa2ir,median,2.43902439,Continuous,NA
newly_diagnosed,homa2ir,q25,1.477104874,Continuous,NA
newly_diagnosed,homa2ir,q75,4.06504065,Continuous,NA
newly_diagnosed,homa2ir,min,0.049152126,Continuous,NA
newly_diagnosed,homa2ir,max,27.02702703,Continuous,NA
newly_diagnosed,homa2ir,freq,4831,Continuous,NA
newly_diagnosed,homa2ir,missing,3583,Continuous,NA
newly_diagnosed,ldlc,mean,116.83968857303691,Continuous,NA
newly_diagnosed,ldlc,sd,37.93109848205501,Continuous,NA
newly_diagnosed,ldlc,median,115,Continuous,NA
newly_diagnosed,ldlc,q25,90,Continuous,NA
newly_diagnosed,ldlc,q75,141,Continuous,NA
newly_diagnosed,ldlc,min,5,Continuous,NA
newly_diagnosed,ldlc,max,389.4,Continuous,NA
newly_diagnosed,ldlc,freq,7106,Continuous,NA
newly_diagnosed,ldlc,missing,1308,Continuous,NA
newly_diagnosed,hdlc,mean,43.40497574497582,Continuous,NA
newly_diagnosed,hdlc,sd,16.607747445059662,Continuous,NA
newly_diagnosed,hdlc,median,43,Continuous,NA
newly_diagnosed,hdlc,q25,35,Continuous,NA
newly_diagnosed,hdlc,q75,53,Continuous,NA
newly_diagnosed,hdlc,min,0,Continuous,NA
newly_diagnosed,hdlc,max,142.524,Continuous,NA
newly_diagnosed,hdlc,freq,7215,Continuous,NA
newly_diagnosed,hdlc,missing,1199,Continuous,NA
newly_diagnosed,tgl,mean,159.2442969722108,Continuous,NA
newly_diagnosed,tgl,sd,122.63609658553632,Continuous,NA
newly_diagnosed,tgl,median,132,Continuous,NA
newly_diagnosed,tgl,q25,94,Continuous,NA
newly_diagnosed,tgl,q75,189,Continuous,NA
newly_diagnosed,tgl,min,22,Continuous,NA
newly_diagnosed,tgl,max,3234,Continuous,NA
newly_diagnosed,tgl,freq,7233,Continuous,NA
newly_diagnosed,tgl,missing,1181,Continuous,NA
newly_diagnosed,sbp,mean,135.78793035742268,Continuous,NA
newly_diagnosed,sbp,sd,23.250041266673982,Continuous,NA
newly_diagnosed,sbp,median,134.3333333,Continuous,NA
newly_diagnosed,sbp,q25,120,Continuous,NA
newly_diagnosed,sbp,q75,150,Continuous,NA
newly_diagnosed,sbp,min,52.66666667,Continuous,NA
newly_diagnosed,sbp,max,281,Continuous,NA
newly_diagnosed,sbp,freq,7539,Continuous,NA
newly_diagnosed,sbp,missing,875,Continuous,NA
newly_diagnosed,dbp,mean,81.97491307414508,Continuous,NA
newly_diagnosed,dbp,sd,17.507564563262942,Continuous,NA
newly_diagnosed,dbp,median,80,Continuous,NA
newly_diagnosed,dbp,q25,69,Continuous,NA
newly_diagnosed,dbp,q75,94,Continuous,NA
newly_diagnosed,dbp,min,32,Continuous,NA
newly_diagnosed,dbp,max,163.3333333,Continuous,NA
newly_diagnosed,dbp,freq,7539,Continuous,NA
newly_diagnosed,dbp,missing,875,Continuous,NA
newly_diagnosed,ratio_th,mean,Inf,Continuous,NA
newly_diagnosed,ratio_th,sd,NA,Continuous,NA
newly_diagnosed,ratio_th,median,3.1440092164999998,Continuous,NA
newly_diagnosed,ratio_th,q25,1.951219512,Continuous,NA
newly_diagnosed,ratio_th,q75,5.416666667,Continuous,NA
newly_diagnosed,ratio_th,min,0.287670848,Continuous,NA
newly_diagnosed,ratio_th,max,Inf,Continuous,NA
newly_diagnosed,ratio_th,freq,7214,Continuous,NA
newly_diagnosed,ratio_th,missing,1200,Continuous,NA
newly_diagnosed,ast,mean,25.992248062015506,Continuous,NA
newly_diagnosed,ast,sd,14.621525294509619,Continuous,NA
newly_diagnosed,ast,median,22,Continuous,NA
newly_diagnosed,ast,q25,19,Continuous,NA
newly_diagnosed,ast,q75,28,Continuous,NA
newly_diagnosed,ast,min,13,Continuous,NA
newly_diagnosed,ast,max,134,Continuous,NA
newly_diagnosed,ast,freq,129,Continuous,NA
newly_diagnosed,ast,missing,8285,Continuous,NA
newly_diagnosed,alt,mean,27.519379844961243,Continuous,NA
newly_diagnosed,alt,sd,23.895312293678096,Continuous,NA
newly_diagnosed,alt,median,21,Continuous,NA
newly_diagnosed,alt,q25,16,Continuous,NA
newly_diagnosed,alt,q75,32,Continuous,NA
newly_diagnosed,alt,min,8,Continuous,NA
newly_diagnosed,alt,max,232,Continuous,NA
newly_diagnosed,alt,freq,129,Continuous,NA
newly_diagnosed,alt,missing,8285,Continuous,NA
newly_diagnosed,urinealbumin,mean,4.093309060589221,Continuous,NA
newly_diagnosed,urinealbumin,sd,29.001653111647236,Continuous,NA
newly_diagnosed,urinealbumin,median,0.7,Continuous,NA
newly_diagnosed,urinealbumin,q25,0.39,Continuous,NA
newly_diagnosed,urinealbumin,q75,1.8,Continuous,NA
newly_diagnosed,urinealbumin,min,0.06,Continuous,NA
newly_diagnosed,urinealbumin,max,1060,Continuous,NA
newly_diagnosed,urinealbumin,freq,3598,Continuous,NA
newly_diagnosed,urinealbumin,missing,4816,Continuous,NA
newly_diagnosed,urinecreatinine,mean,134.48350230414746,Continuous,NA
newly_diagnosed,urinecreatinine,sd,75.37113005670759,Continuous,NA
newly_diagnosed,urinecreatinine,median,126,Continuous,NA
newly_diagnosed,urinecreatinine,q25,78.9,Continuous,NA
newly_diagnosed,urinecreatinine,q75,176,Continuous,NA
newly_diagnosed,urinecreatinine,min,8.5,Continuous,NA
newly_diagnosed,urinecreatinine,max,562,Continuous,NA
newly_diagnosed,urinecreatinine,freq,1085,Continuous,NA
newly_diagnosed,urinecreatinine,missing,7329,Continuous,NA
newly_diagnosed,uacr,mean,33.17671415826114,Continuous,NA
newly_diagnosed,uacr,sd,134.69503707879062,Continuous,NA
newly_diagnosed,uacr,median,7.669995811,Continuous,NA
newly_diagnosed,uacr,q25,4.2,Continuous,NA
newly_diagnosed,uacr,q75,18.5,Continuous,NA
newly_diagnosed,uacr,min,1,Continuous,NA
newly_diagnosed,uacr,max,3425.8,Continuous,NA
newly_diagnosed,uacr,freq,1256,Continuous,NA
newly_diagnosed,uacr,missing,7158,Continuous,NA
newly_diagnosed,egfr,mean,84.05363797029322,Continuous,NA
newly_diagnosed,egfr,sd,23.568320172765457,Continuous,NA
newly_diagnosed,egfr,median,83.16381181,Continuous,NA
newly_diagnosed,egfr,q25,68.67234416,Continuous,NA
newly_diagnosed,egfr,q75,98.99681431,Continuous,NA
newly_diagnosed,egfr,min,14.84918473,Continuous,NA
newly_diagnosed,egfr,max,227.9262615,Continuous,NA
newly_diagnosed,egfr,freq,989,Continuous,NA
newly_diagnosed,egfr,missing,7425,Continuous,NA
analytic,female,proportion,59.75718092981941,Proportion,NA
analytic,female,freq,3377,Proportion,NA
analytic,female,missing,0,Proportion,NA
complete,female,proportion,60.18018018018033,Proportion,NA
complete,female,freq,2775,Proportion,NA
complete,female,missing,0,Proportion,NA
excluded_diagnosed,female,proportion,52.827032452325206,Proportion,NA
excluded_diagnosed,female,freq,2989,Proportion,NA
excluded_diagnosed,female,missing,2048,Proportion,NA
newly_diagnosed,female,proportion,56.5032987747407,Proportion,NA
newly_diagnosed,female,freq,6366,Proportion,NA
newly_diagnosed,female,missing,2048,Proportion,NA
analytic,race_rev,proportion,35.504885993485345,Grouped,AA
analytic,race_rev,freq,1199,Grouped,AA
analytic,race_rev,proportion,14.598756292567368,Grouped,Other
analytic,race_rev,freq,493,Grouped,Other
analytic,race_rev,proportion,49.89635771394729,Grouped,White
analytic,race_rev,freq,1685,Grouped,White
complete,race_rev,proportion,32.648648648648646,Grouped,AA
complete,race_rev,freq,906,Grouped,AA
complete,race_rev,proportion,13.297297297297296,Grouped,Other
complete,race_rev,freq,369,Grouped,Other
complete,race_rev,proportion,54.054054054054056,Grouped,White
complete,race_rev,freq,1500,Grouped,White
excluded_diagnosed,race_rev,proportion,38.9762462361994,Grouped,AA
excluded_diagnosed,race_rev,freq,1165,Grouped,AA
excluded_diagnosed,race_rev,proportion,6.457009033121445,Grouped,Other
excluded_diagnosed,race_rev,freq,193,Grouped,Other
excluded_diagnosed,race_rev,proportion,54.566744730679154,Grouped,White
excluded_diagnosed,race_rev,freq,1631,Grouped,White
newly_diagnosed,race_rev,proportion,37.13477851083883,Grouped,AA
newly_diagnosed,race_rev,freq,2364,Grouped,AA
newly_diagnosed,race_rev,proportion,10.775997486647816,Grouped,Other
newly_diagnosed,race_rev,freq,686,Grouped,Other
newly_diagnosed,race_rev,proportion,52.089224002513355,Grouped,White
newly_diagnosed,race_rev,freq,3316,Grouped,White
analytic,study,proportion,31.448030796565,Grouped,aric
analytic,study,freq,1062,Grouped,aric
analytic,study,proportion,6.751554634290791,Grouped,cardia
analytic,study,freq,228,Grouped,cardia
analytic,study,proportion,8.439443292863489,Grouped,dpp
analytic,study,freq,285,Grouped,dpp
analytic,study,proportion,29.997038791827066,Grouped,dppos
analytic,study,freq,1013,Grouped,dppos
analytic,study,proportion,7.254960023689665,Grouped,jhs
analytic,study,freq,245,Grouped,jhs
analytic,study,proportion,16.10897246076399,Grouped,mesa
analytic,study,freq,544,Grouped,mesa
complete,study,proportion,33.08108108108108,Grouped,aric
complete,study,freq,918,Grouped,aric
complete,study,proportion,8.072072072072071,Grouped,cardia
complete,study,freq,224,Grouped,cardia
complete,study,proportion,9.693693693693694,Grouped,dpp
complete,study,freq,269,Grouped,dpp
complete,study,proportion,35.567567567567565,Grouped,dppos
complete,study,freq,987,Grouped,dppos
complete,study,proportion,4.648648648648648,Grouped,jhs
complete,study,freq,129,Grouped,jhs
complete,study,proportion,8.936936936936936,Grouped,mesa
complete,study,freq,248,Grouped,mesa
excluded_diagnosed,study,proportion,77.48469147432878,Grouped,aric
excluded_diagnosed,study,freq,3290,Grouped,aric
excluded_diagnosed,study,proportion,9.302873292510599,Grouped,cardia
excluded_diagnosed,study,freq,395,Grouped,cardia
excluded_diagnosed,study,proportion,0.1413094677343382,Grouped,dpp
excluded_diagnosed,study,freq,6,Grouped,dpp
excluded_diagnosed,study,proportion,2.048987282147904,Grouped,dppos
excluded_diagnosed,study,freq,87,Grouped,dppos
excluded_diagnosed,study,proportion,0.5416862929816297,Grouped,jhs
excluded_diagnosed,study,freq,23,Grouped,jhs
excluded_diagnosed,study,proportion,10.48045219029675,Grouped,mesa
excluded_diagnosed,study,freq,445,Grouped,mesa
newly_diagnosed,study,proportion,57.09038436311164,Grouped,aric
newly_diagnosed,study,freq,4352,Grouped,aric
newly_diagnosed,study,proportion,8.172635445362719,Grouped,cardia
newly_diagnosed,study,freq,623,Grouped,cardia
newly_diagnosed,study,proportion,3.8173947264856354,Grouped,dpp
newly_diagnosed,study,freq,291,Grouped,dpp
newly_diagnosed,study,proportion,14.43001443001443,Grouped,dppos
newly_diagnosed,study,freq,1100,Grouped,dppos
newly_diagnosed,study,proportion,3.5156762429489703,Grouped,jhs
newly_diagnosed,study,freq,268,Grouped,jhs
newly_diagnosed,study,proportion,12.97389479207661,Grouped,mesa
newly_diagnosed,study,freq,989,Grouped,mesa
