cluster,variable,est,value,type,group
MARD,dmagediag,mean,71.50908294370883,Continuous,NA
MARD,dmagediag,sd,7.879811295000296,Continuous,NA
MARD,dmagediag,median,72,Continuous,NA
MARD,dmagediag,q25,67.708219175,Continuous,NA
MARD,dmagediag,q75,77,Continuous,NA
MARD,dmagediag,min,44,Continuous,NA
MARD,dmagediag,max,100,Continuous,NA
MARD,dmagediag,freq,2095,Continuous,NA
MARD,dmagediag,missing,0,Continuous,NA
MARD,bmi,mean,29.601061634844868,Continuous,NA
MARD,bmi,sd,4.565638841547508,Continuous,NA
MARD,bmi,median,29.17718138,Continuous,NA
MARD,bmi,q25,26.491213085,Continuous,NA
MARD,bmi,q75,32.517236605,Continuous,NA
MARD,bmi,min,15.89644122,Continuous,NA
MARD,bmi,max,49.375,Continuous,NA
MARD,bmi,freq,2095,Continuous,NA
MARD,bmi,missing,0,Continuous,NA
MARD,hba1c,mean,6.332887828162291,Continuous,NA
MARD,hba1c,sd,0.7078236647107491,Continuous,NA
MARD,hba1c,median,6.3,Continuous,NA
MARD,hba1c,q25,5.8,Continuous,NA
MARD,hba1c,q75,6.7,Continuous,NA
MARD,hba1c,min,4.1,Continuous,NA
MARD,hba1c,max,9,Continuous,NA
MARD,hba1c,freq,2095,Continuous,NA
MARD,hba1c,missing,0,Continuous,NA
MARD,glucosef2,mean,6.877351378958121,Continuous,NA
MARD,glucosef2,sd,1.3366324617823253,Continuous,NA
MARD,glucosef2,median,6.8265,Continuous,NA
MARD,glucosef2,q25,5.9385,Continuous,NA
MARD,glucosef2,q75,7.4925,Continuous,NA
MARD,glucosef2,min,2.7195,Continuous,NA
MARD,glucosef2,max,19.2585,Continuous,NA
MARD,glucosef2,freq,1958,Continuous,NA
MARD,glucosef2,missing,137,Continuous,NA
MARD,insulinf2,mean,110.92936348219332,Continuous,NA
MARD,insulinf2,sd,66.33009574787805,Continuous,NA
MARD,insulinf2,median,96,Continuous,NA
MARD,insulinf2,q25,61.74,Continuous,NA
MARD,insulinf2,q75,144,Continuous,NA
MARD,insulinf2,min,3.534,Continuous,NA
MARD,insulinf2,max,390,Continuous,NA
MARD,insulinf2,freq,1769,Continuous,NA
MARD,insulinf2,missing,326,Continuous,NA
MARD,homa2b,mean,88.36647662485747,Continuous,NA
MARD,homa2b,sd,42.73463794818207,Continuous,NA
MARD,homa2b,median,81.05,Continuous,NA
MARD,homa2b,q25,57.8,Continuous,NA
MARD,homa2b,q75,111.95,Continuous,NA
MARD,homa2b,min,8.6,Continuous,NA
MARD,homa2b,max,312.3,Continuous,NA
MARD,homa2b,freq,1754,Continuous,NA
MARD,homa2b,missing,341,Continuous,NA
MARD,homa2ir,mean,2.186659064994299,Continuous,NA
MARD,homa2ir,sd,1.272242568663765,Continuous,NA
MARD,homa2ir,median,1.9,Continuous,NA
MARD,homa2ir,q25,1.2,Continuous,NA
MARD,homa2ir,q75,2.8,Continuous,NA
MARD,homa2ir,min,0.1,Continuous,NA
MARD,homa2ir,max,7.5,Continuous,NA
MARD,homa2ir,freq,1754,Continuous,NA
MARD,homa2ir,missing,341,Continuous,NA
MARD,ldlc,mean,105.63853439680958,Continuous,NA
MARD,ldlc,sd,36.118786645921944,Continuous,NA
MARD,ldlc,median,102,Continuous,NA
MARD,ldlc,q25,79,Continuous,NA
MARD,ldlc,q75,129,Continuous,NA
MARD,ldlc,min,18,Continuous,NA
MARD,ldlc,max,287,Continuous,NA
MARD,ldlc,freq,2006,Continuous,NA
MARD,ldlc,missing,89,Continuous,NA
MARD,hdlc,mean,50.60014836795252,Continuous,NA
MARD,hdlc,sd,13.924482299212542,Continuous,NA
MARD,hdlc,median,48,Continuous,NA
MARD,hdlc,q25,41,Continuous,NA
MARD,hdlc,q75,58,Continuous,NA
MARD,hdlc,min,17,Continuous,NA
MARD,hdlc,max,147,Continuous,NA
MARD,hdlc,freq,2022,Continuous,NA
MARD,hdlc,missing,73,Continuous,NA
MARD,tgl,mean,133.69090009891198,Continuous,NA
MARD,tgl,sd,76.48537619815367,Continuous,NA
MARD,tgl,median,116,Continuous,NA
MARD,tgl,q25,84,Continuous,NA
MARD,tgl,q75,158.75,Continuous,NA
MARD,tgl,min,24,Continuous,NA
MARD,tgl,max,847,Continuous,NA
MARD,tgl,freq,2022,Continuous,NA
MARD,tgl,missing,73,Continuous,NA
MARD,sbp,mean,128.34630358626973,Continuous,NA
MARD,sbp,sd,18.551100440102417,Continuous,NA
MARD,sbp,median,127.3333333,Continuous,NA
MARD,sbp,q25,116,Continuous,NA
MARD,sbp,q75,139,Continuous,NA
MARD,sbp,min,52.66666667,Continuous,NA
MARD,sbp,max,227,Continuous,NA
MARD,sbp,freq,2091,Continuous,NA
MARD,sbp,missing,4,Continuous,NA
MARD,dbp,mean,69.89416237839312,Continuous,NA
MARD,dbp,sd,11.861193104611392,Continuous,NA
MARD,dbp,median,69,Continuous,NA
MARD,dbp,q25,62,Continuous,NA
MARD,dbp,q75,76.33333333,Continuous,NA
MARD,dbp,min,37.33333333,Continuous,NA
MARD,dbp,max,153.6666667,Continuous,NA
MARD,dbp,freq,2091,Continuous,NA
MARD,dbp,missing,4,Continuous,NA
MARD,ratio_th,mean,2.9816813998456975,Continuous,NA
MARD,ratio_th,sd,2.2695406244299505,Continuous,NA
MARD,ratio_th,median,2.3763888890000002,Continuous,NA
MARD,ratio_th,q25,1.56403162075,Continuous,NA
MARD,ratio_th,q75,3.586752137,Continuous,NA
MARD,ratio_th,min,0.352459016,Continuous,NA
MARD,ratio_th,max,21.08695652,Continuous,NA
MARD,ratio_th,freq,2022,Continuous,NA
MARD,ratio_th,missing,73,Continuous,NA
MARD,ast,mean,23.434782608695652,Continuous,NA
MARD,ast,sd,5.5088861021949365,Continuous,NA
MARD,ast,median,22,Continuous,NA
MARD,ast,q25,19,Continuous,NA
MARD,ast,q75,27,Continuous,NA
MARD,ast,min,16,Continuous,NA
MARD,ast,max,38,Continuous,NA
MARD,ast,freq,23,Continuous,NA
MARD,ast,missing,2072,Continuous,NA
MARD,alt,mean,21.347826086956523,Continuous,NA
MARD,alt,sd,10.7939743108331,Continuous,NA
MARD,alt,median,19,Continuous,NA
MARD,alt,q25,15,Continuous,NA
MARD,alt,q75,25,Continuous,NA
MARD,alt,min,9,Continuous,NA
MARD,alt,max,60,Continuous,NA
MARD,alt,freq,23,Continuous,NA
MARD,alt,missing,2072,Continuous,NA
MARD,urinealbumin,mean,6.7161318681318685,Continuous,NA
MARD,urinealbumin,sd,38.283376913379485,Continuous,NA
MARD,urinealbumin,median,1,Continuous,NA
MARD,urinealbumin,q25,0.5,Continuous,NA
MARD,urinealbumin,q75,2.3,Continuous,NA
MARD,urinealbumin,min,0.1,Continuous,NA
MARD,urinealbumin,max,1060,Continuous,NA
MARD,urinealbumin,freq,1456,Continuous,NA
MARD,urinealbumin,missing,639,Continuous,NA
MARD,urinecreatinine,mean,131.38947368421051,Continuous,NA
MARD,urinecreatinine,sd,72.4799410690123,Continuous,NA
MARD,urinecreatinine,median,120,Continuous,NA
MARD,urinecreatinine,q25,77.4,Continuous,NA
MARD,urinecreatinine,q75,172.75,Continuous,NA
MARD,urinecreatinine,min,8.5,Continuous,NA
MARD,urinecreatinine,max,562,Continuous,NA
MARD,urinecreatinine,freq,570,Continuous,NA
MARD,urinecreatinine,missing,1525,Continuous,NA
MARD,uacr,mean,22.963959186816325,Continuous,NA
MARD,uacr,sd,50.27101691597486,Continuous,NA
MARD,uacr,median,8.232323232,Continuous,NA
MARD,uacr,q25,3.99,Continuous,NA
MARD,uacr,q75,21.549999999999997,Continuous,NA
MARD,uacr,min,0.821561338,Continuous,NA
MARD,uacr,max,417.2,Continuous,NA
MARD,uacr,freq,147,Continuous,NA
MARD,uacr,missing,1948,Continuous,NA
MARD,egfr,mean,79.83753666131818,Continuous,NA
MARD,egfr,sd,21.384623670016754,Continuous,NA
MARD,egfr,median,79.06669564500001,Continuous,NA
MARD,egfr,q25,66.56676934,Continuous,NA
MARD,egfr,q75,96.5401954875,Continuous,NA
MARD,egfr,min,18.49344756,Continuous,NA
MARD,egfr,max,145.3172645,Continuous,NA
MARD,egfr,freq,220,Continuous,NA
MARD,egfr,missing,1875,Continuous,NA
MOD,dmagediag,mean,51.600893624629734,Continuous,NA
MOD,dmagediag,sd,8.36089170322905,Continuous,NA
MOD,dmagediag,median,51.00821918,Continuous,NA
MOD,dmagediag,q25,45.99178082,Continuous,NA
MOD,dmagediag,q75,57,Continuous,NA
MOD,dmagediag,min,22,Continuous,NA
MOD,dmagediag,max,82,Continuous,NA
MOD,dmagediag,freq,1769,Continuous,NA
MOD,dmagediag,missing,0,Continuous,NA
MOD,bmi,mean,38.07142294196156,Continuous,NA
MOD,bmi,sd,7.070318713686377,Continuous,NA
MOD,bmi,median,37.17578427,Continuous,NA
MOD,bmi,q25,32.80746876,Continuous,NA
MOD,bmi,q75,42.15181143,Continuous,NA
MOD,bmi,min,23.00105506,Continuous,NA
MOD,bmi,max,73.90794993,Continuous,NA
MOD,bmi,freq,1769,Continuous,NA
MOD,bmi,missing,0,Continuous,NA
MOD,hba1c,mean,6.4595986433013,Continuous,NA
MOD,hba1c,sd,0.6892752337575038,Continuous,NA
MOD,hba1c,median,6.5,Continuous,NA
MOD,hba1c,q25,6,Continuous,NA
MOD,hba1c,q75,6.8,Continuous,NA
MOD,hba1c,min,4.4,Continuous,NA
MOD,hba1c,max,9.2,Continuous,NA
MOD,hba1c,freq,1769,Continuous,NA
MOD,hba1c,missing,0,Continuous,NA
MOD,glucosef2,mean,6.8540086956521735,Continuous,NA
MOD,glucosef2,sd,1.1418598640366406,Continuous,NA
MOD,glucosef2,median,6.882,Continuous,NA
MOD,glucosef2,q25,6.105,Continuous,NA
MOD,glucosef2,q75,7.3815,Continuous,NA
MOD,glucosef2,min,3.885,Continuous,NA
MOD,glucosef2,max,16.8165,Continuous,NA
MOD,glucosef2,freq,1725,Continuous,NA
MOD,glucosef2,missing,44,Continuous,NA
MOD,insulinf2,mean,195.98401524777637,Continuous,NA
MOD,insulinf2,sd,96.62353805851066,Continuous,NA
MOD,insulinf2,median,180,Continuous,NA
MOD,insulinf2,q25,120,Continuous,NA
MOD,insulinf2,q75,258,Continuous,NA
MOD,insulinf2,min,11,Continuous,NA
MOD,insulinf2,max,553.8,Continuous,NA
MOD,insulinf2,freq,1574,Continuous,NA
MOD,insulinf2,missing,195,Continuous,NA
MOD,homa2b,mean,130.75069974554708,Continuous,NA
MOD,homa2b,sd,50.1439248057726,Continuous,NA
MOD,homa2b,median,126.05,Continuous,NA
MOD,homa2b,q25,94.3,Continuous,NA
MOD,homa2b,q75,163.4,Continuous,NA
MOD,homa2b,min,12.6,Continuous,NA
MOD,homa2b,max,384.5,Continuous,NA
MOD,homa2b,freq,1572,Continuous,NA
MOD,homa2b,missing,197,Continuous,NA
MOD,homa2ir,mean,3.76412213740458,Continuous,NA
MOD,homa2ir,sd,1.7918154132629376,Continuous,NA
MOD,homa2ir,median,3.5,Continuous,NA
MOD,homa2ir,q25,2.4,Continuous,NA
MOD,homa2ir,q75,4.9,Continuous,NA
MOD,homa2ir,min,0.2,Continuous,NA
MOD,homa2ir,max,10.4,Continuous,NA
MOD,homa2ir,freq,1572,Continuous,NA
MOD,homa2ir,missing,197,Continuous,NA
MOD,ldlc,mean,117.7438555620268,Continuous,NA
MOD,ldlc,sd,34.83299038161255,Continuous,NA
MOD,ldlc,median,117,Continuous,NA
MOD,ldlc,q25,94,Continuous,NA
MOD,ldlc,q75,137,Continuous,NA
MOD,ldlc,min,19,Continuous,NA
MOD,ldlc,max,310,Continuous,NA
MOD,ldlc,freq,1717,Continuous,NA
MOD,ldlc,missing,52,Continuous,NA
MOD,hdlc,mean,45.55330243337196,Continuous,NA
MOD,hdlc,sd,11.738563627809546,Continuous,NA
MOD,hdlc,median,44,Continuous,NA
MOD,hdlc,q25,37,Continuous,NA
MOD,hdlc,q75,52,Continuous,NA
MOD,hdlc,min,19,Continuous,NA
MOD,hdlc,max,105,Continuous,NA
MOD,hdlc,freq,1726,Continuous,NA
MOD,hdlc,missing,43,Continuous,NA
MOD,tgl,mean,154.50231749710312,Continuous,NA
MOD,tgl,sd,119.85787595902366,Continuous,NA
MOD,tgl,median,131,Continuous,NA
MOD,tgl,q25,93,Continuous,NA
MOD,tgl,q75,184,Continuous,NA
MOD,tgl,min,30,Continuous,NA
MOD,tgl,max,3065,Continuous,NA
MOD,tgl,freq,1726,Continuous,NA
MOD,tgl,missing,43,Continuous,NA
MOD,sbp,mean,122.9990255754077,Continuous,NA
MOD,sbp,sd,18.56089977913551,Continuous,NA
MOD,sbp,median,122,Continuous,NA
MOD,sbp,q25,112.8271,Continuous,NA
MOD,sbp,q75,133,Continuous,NA
MOD,sbp,min,59.66666667,Continuous,NA
MOD,sbp,max,216,Continuous,NA
MOD,sbp,freq,1766,Continuous,NA
MOD,sbp,missing,3,Continuous,NA
MOD,dbp,mean,80.41062348050396,Continuous,NA
MOD,dbp,sd,15.246401222686107,Continuous,NA
MOD,dbp,median,79,Continuous,NA
MOD,dbp,q25,71.33333333,Continuous,NA
MOD,dbp,q75,85,Continuous,NA
MOD,dbp,min,34,Continuous,NA
MOD,dbp,max,172.3333333,Continuous,NA
MOD,dbp,freq,1766,Continuous,NA
MOD,dbp,missing,3,Continuous,NA
MOD,ratio_th,mean,3.83117561091657,Continuous,NA
MOD,ratio_th,sd,3.778639481056358,Continuous,NA
MOD,ratio_th,median,2.9523539420000002,Continuous,NA
MOD,ratio_th,q25,1.90718645925,Continuous,NA
MOD,ratio_th,q75,4.6200657895,Continuous,NA
MOD,ratio_th,min,0.333333333,Continuous,NA
MOD,ratio_th,max,87.57142857,Continuous,NA
MOD,ratio_th,freq,1726,Continuous,NA
MOD,ratio_th,missing,43,Continuous,NA
MOD,ast,mean,30.256410256410255,Continuous,NA
MOD,ast,sd,22.63755374165256,Continuous,NA
MOD,ast,median,24,Continuous,NA
MOD,ast,q25,19,Continuous,NA
MOD,ast,q75,31.5,Continuous,NA
MOD,ast,min,14,Continuous,NA
MOD,ast,max,134,Continuous,NA
MOD,ast,freq,39,Continuous,NA
MOD,ast,missing,1730,Continuous,NA
MOD,alt,mean,32.46153846153846,Continuous,NA
MOD,alt,sd,36.72002619670416,Continuous,NA
MOD,alt,median,20,Continuous,NA
MOD,alt,q25,14,Continuous,NA
MOD,alt,q75,38.5,Continuous,NA
MOD,alt,min,10,Continuous,NA
MOD,alt,max,232,Continuous,NA
MOD,alt,freq,39,Continuous,NA
MOD,alt,missing,1730,Continuous,NA
MOD,urinealbumin,mean,6.124080060422961,Continuous,NA
MOD,urinealbumin,sd,35.93515561126717,Continuous,NA
MOD,urinealbumin,median,1.1,Continuous,NA
MOD,urinealbumin,q25,0.532,Continuous,NA
MOD,urinealbumin,q75,2.6775,Continuous,NA
MOD,urinealbumin,min,0.062,Continuous,NA
MOD,urinealbumin,max,644,Continuous,NA
MOD,urinealbumin,freq,662,Continuous,NA
MOD,urinealbumin,missing,1107,Continuous,NA
MOD,urinecreatinine,mean,156.2903966597077,Continuous,NA
MOD,urinecreatinine,sd,78.39425887079301,Continuous,NA
MOD,urinecreatinine,median,144,Continuous,NA
MOD,urinecreatinine,q25,103.65,Continuous,NA
MOD,urinecreatinine,q75,197.5,Continuous,NA
MOD,urinecreatinine,min,8,Continuous,NA
MOD,urinecreatinine,max,492,Continuous,NA
MOD,urinecreatinine,freq,479,Continuous,NA
MOD,urinecreatinine,missing,1290,Continuous,NA
MOD,uacr,mean,24.498027259162498,Continuous,NA
MOD,uacr,sd,72.60349022103966,Continuous,NA
MOD,uacr,median,6.2916828605,Continuous,NA
MOD,uacr,q25,3.99813432825,Continuous,NA
MOD,uacr,q75,13.59241573,Continuous,NA
MOD,uacr,min,1.13559322,Continuous,NA
MOD,uacr,max,774.5762712,Continuous,NA
MOD,uacr,freq,320,Continuous,NA
MOD,uacr,missing,1449,Continuous,NA
MOD,egfr,mean,98.85218438383413,Continuous,NA
MOD,egfr,sd,21.846760738171106,Continuous,NA
MOD,egfr,median,99.08795786499999,Continuous,NA
MOD,egfr,q25,83.72250034,Continuous,NA
MOD,egfr,q75,112.593441175,Continuous,NA
MOD,egfr,min,9.918591528,Continuous,NA
MOD,egfr,max,227.9262615,Continuous,NA
MOD,egfr,freq,422,Continuous,NA
MOD,egfr,missing,1347,Continuous,NA
SIDD,dmagediag,mean,56.440527588142416,Continuous,NA
SIDD,dmagediag,sd,11.484920961690118,Continuous,NA
SIDD,dmagediag,median,56,Continuous,NA
SIDD,dmagediag,q25,48.00821918,Continuous,NA
SIDD,dmagediag,q75,65,Continuous,NA
SIDD,dmagediag,min,31,Continuous,NA
SIDD,dmagediag,max,84,Continuous,NA
SIDD,dmagediag,freq,323,Continuous,NA
SIDD,dmagediag,missing,0,Continuous,NA
SIDD,bmi,mean,34.27484645882353,Continuous,NA
SIDD,bmi,sd,6.479620465781132,Continuous,NA
SIDD,bmi,median,34.15546668,Continuous,NA
SIDD,bmi,q25,29.277222345,Continuous,NA
SIDD,bmi,q75,38.286995395000005,Continuous,NA
SIDD,bmi,min,18.8671875,Continuous,NA
SIDD,bmi,max,54.90003851,Continuous,NA
SIDD,bmi,freq,323,Continuous,NA
SIDD,bmi,missing,0,Continuous,NA
SIDD,hba1c,mean,10.261300309597523,Continuous,NA
SIDD,hba1c,sd,1.6732516172863712,Continuous,NA
SIDD,hba1c,median,9.8,Continuous,NA
SIDD,hba1c,q25,9.1,Continuous,NA
SIDD,hba1c,q75,10.8,Continuous,NA
SIDD,hba1c,min,8.2,Continuous,NA
SIDD,hba1c,max,17.4,Continuous,NA
SIDD,hba1c,freq,323,Continuous,NA
SIDD,hba1c,missing,0,Continuous,NA
SIDD,glucosef2,mean,12.046869642857143,Continuous,NA
SIDD,glucosef2,sd,3.78361507666389,Continuous,NA
SIDD,glucosef2,median,11.73825,Continuous,NA
SIDD,glucosef2,q25,9.310125,Continuous,NA
SIDD,glucosef2,q75,14.221875,Continuous,NA
SIDD,glucosef2,min,4.1625,Continuous,NA
SIDD,glucosef2,max,22.866,Continuous,NA
SIDD,glucosef2,freq,280,Continuous,NA
SIDD,glucosef2,missing,43,Continuous,NA
SIDD,insulinf2,mean,136.66367149758455,Continuous,NA
SIDD,insulinf2,sd,103.45991030744034,Continuous,NA
SIDD,insulinf2,median,102,Continuous,NA
SIDD,insulinf2,q25,67.5,Continuous,NA
SIDD,insulinf2,q75,180,Continuous,NA
SIDD,insulinf2,min,1.2,Continuous,NA
SIDD,insulinf2,max,534,Continuous,NA
SIDD,insulinf2,freq,207,Continuous,NA
SIDD,insulinf2,missing,116,Continuous,NA
SIDD,homa2b,mean,49.77004830917874,Continuous,NA
SIDD,homa2b,sd,42.532517217670545,Continuous,NA
SIDD,homa2b,median,36.3,Continuous,NA
SIDD,homa2b,q25,18.45,Continuous,NA
SIDD,homa2b,q75,66.55,Continuous,NA
SIDD,homa2b,min,0.5,Continuous,NA
SIDD,homa2b,max,213.1,Continuous,NA
SIDD,homa2b,freq,207,Continuous,NA
SIDD,homa2b,missing,116,Continuous,NA
SIDD,homa2ir,mean,3.209661835748792,Continuous,NA
SIDD,homa2ir,sd,2.3872442945754466,Continuous,NA
SIDD,homa2ir,median,2.5,Continuous,NA
SIDD,homa2ir,q25,1.6,Continuous,NA
SIDD,homa2ir,q75,4.1,Continuous,NA
SIDD,homa2ir,min,0,Continuous,NA
SIDD,homa2ir,max,15.6,Continuous,NA
SIDD,homa2ir,freq,207,Continuous,NA
SIDD,homa2ir,missing,116,Continuous,NA
SIDD,ldlc,mean,117.21033210332104,Continuous,NA
SIDD,ldlc,sd,37.303907603385085,Continuous,NA
SIDD,ldlc,median,117,Continuous,NA
SIDD,ldlc,q25,91,Continuous,NA
SIDD,ldlc,q75,142,Continuous,NA
SIDD,ldlc,min,31,Continuous,NA
SIDD,ldlc,max,244,Continuous,NA
SIDD,ldlc,freq,271,Continuous,NA
SIDD,ldlc,missing,52,Continuous,NA
SIDD,hdlc,mean,47.05673758865248,Continuous,NA
SIDD,hdlc,sd,13.755761290391245,Continuous,NA
SIDD,hdlc,median,44,Continuous,NA
SIDD,hdlc,q25,38,Continuous,NA
SIDD,hdlc,q75,53,Continuous,NA
SIDD,hdlc,min,24,Continuous,NA
SIDD,hdlc,max,148,Continuous,NA
SIDD,hdlc,freq,282,Continuous,NA
SIDD,hdlc,missing,41,Continuous,NA
SIDD,tgl,mean,164.3581560283688,Continuous,NA
SIDD,tgl,sd,128.51482358024575,Continuous,NA
SIDD,tgl,median,126,Continuous,NA
SIDD,tgl,q25,92.25,Continuous,NA
SIDD,tgl,q75,189,Continuous,NA
SIDD,tgl,min,37,Continuous,NA
SIDD,tgl,max,1122,Continuous,NA
SIDD,tgl,freq,282,Continuous,NA
SIDD,tgl,missing,41,Continuous,NA
SIDD,sbp,mean,128.00077368520124,Continuous,NA
SIDD,sbp,sd,22.195459319224664,Continuous,NA
SIDD,sbp,median,127,Continuous,NA
SIDD,sbp,q25,114.83045,Continuous,NA
SIDD,sbp,q75,140.6666667,Continuous,NA
SIDD,sbp,min,67,Continuous,NA
SIDD,sbp,max,208.1847,Continuous,NA
SIDD,sbp,freq,323,Continuous,NA
SIDD,sbp,missing,0,Continuous,NA
SIDD,dbp,mean,79.57871971065015,Continuous,NA
SIDD,dbp,sd,16.139634053494024,Continuous,NA
SIDD,dbp,median,77,Continuous,NA
SIDD,dbp,q25,70.33333333,Continuous,NA
SIDD,dbp,q75,85.00444999999999,Continuous,NA
SIDD,dbp,min,48.33333333,Continuous,NA
SIDD,dbp,max,162,Continuous,NA
SIDD,dbp,freq,323,Continuous,NA
SIDD,dbp,missing,0,Continuous,NA
SIDD,ratio_th,mean,4.055598861925532,Continuous,NA
SIDD,ratio_th,sd,4.155755860190461,Continuous,NA
SIDD,ratio_th,median,2.75872093,Continuous,NA
SIDD,ratio_th,q25,1.7943794842499998,Continuous,NA
SIDD,ratio_th,q75,4.641911764750001,Continuous,NA
SIDD,ratio_th,min,0.345794393,Continuous,NA
SIDD,ratio_th,max,36.33333333,Continuous,NA
SIDD,ratio_th,freq,282,Continuous,NA
SIDD,ratio_th,missing,41,Continuous,NA
SIDD,ast,mean,NA,Continuous,NA
SIDD,ast,sd,NA,Continuous,NA
SIDD,ast,median,NA,Continuous,NA
SIDD,ast,q25,NA,Continuous,NA
SIDD,ast,q75,NA,Continuous,NA
SIDD,ast,min,Inf,Continuous,NA
SIDD,ast,max,-Inf,Continuous,NA
SIDD,ast,freq,0,Continuous,NA
SIDD,ast,missing,323,Continuous,NA
SIDD,alt,mean,NA,Continuous,NA
SIDD,alt,sd,NA,Continuous,NA
SIDD,alt,median,NA,Continuous,NA
SIDD,alt,q25,NA,Continuous,NA
SIDD,alt,q75,NA,Continuous,NA
SIDD,alt,min,Inf,Continuous,NA
SIDD,alt,max,-Inf,Continuous,NA
SIDD,alt,freq,0,Continuous,NA
SIDD,alt,missing,323,Continuous,NA
SIDD,urinealbumin,mean,14.942054347826087,Continuous,NA
SIDD,urinealbumin,sd,51.16178103446804,Continuous,NA
SIDD,urinealbumin,median,2.4,Continuous,NA
SIDD,urinealbumin,q25,1,Continuous,NA
SIDD,urinealbumin,q75,6.7250000000000005,Continuous,NA
SIDD,urinealbumin,min,0.06,Continuous,NA
SIDD,urinealbumin,max,449,Continuous,NA
SIDD,urinealbumin,freq,276,Continuous,NA
SIDD,urinealbumin,missing,47,Continuous,NA
SIDD,urinecreatinine,mean,151.4894472361809,Continuous,NA
SIDD,urinecreatinine,sd,89.81810653656711,Continuous,NA
SIDD,urinecreatinine,median,135,Continuous,NA
SIDD,urinecreatinine,q25,90.8,Continuous,NA
SIDD,urinecreatinine,q75,187,Continuous,NA
SIDD,urinecreatinine,min,16,Continuous,NA
SIDD,urinecreatinine,max,517,Continuous,NA
SIDD,urinecreatinine,freq,199,Continuous,NA
SIDD,urinecreatinine,missing,124,Continuous,NA
SIDD,uacr,mean,48.85311591579518,Continuous,NA
SIDD,uacr,sd,115.17173394654968,Continuous,NA
SIDD,uacr,median,18,Continuous,NA
SIDD,uacr,q25,5.54,Continuous,NA
SIDD,uacr,q75,36.18832229,Continuous,NA
SIDD,uacr,min,1.56,Continuous,NA
SIDD,uacr,max,894.5454545,Continuous,NA
SIDD,uacr,freq,83,Continuous,NA
SIDD,uacr,missing,240,Continuous,NA
SIDD,egfr,mean,106.60481999,Continuous,NA
SIDD,egfr,sd,22.391021055515605,Continuous,NA
SIDD,egfr,median,106.670762,Continuous,NA
SIDD,egfr,q25,92.127318565,Continuous,NA
SIDD,egfr,q75,121.145529125,Continuous,NA
SIDD,egfr,min,51.75808408,Continuous,NA
SIDD,egfr,max,178.5722116,Continuous,NA
SIDD,egfr,freq,106,Continuous,NA
SIDD,egfr,missing,217,Continuous,NA
SIRD,dmagediag,mean,65.28380142199391,Continuous,NA
SIRD,dmagediag,sd,9.494522505778889,Continuous,NA
SIRD,dmagediag,median,66,Continuous,NA
SIRD,dmagediag,q25,58,Continuous,NA
SIRD,dmagediag,q75,72,Continuous,NA
SIRD,dmagediag,min,35,Continuous,NA
SIRD,dmagediag,max,90,Continuous,NA
SIRD,dmagediag,freq,657,Continuous,NA
SIRD,dmagediag,missing,0,Continuous,NA
SIRD,bmi,mean,32.12755270986301,Continuous,NA
SIRD,bmi,sd,5.800458124439075,Continuous,NA
SIRD,bmi,median,31.34805195,Continuous,NA
SIRD,bmi,q25,27.98002918,Continuous,NA
SIRD,bmi,q75,36.00533803,Continuous,NA
SIRD,bmi,min,18.51637268,Continuous,NA
SIRD,bmi,max,59.33303582,Continuous,NA
SIRD,bmi,freq,657,Continuous,NA
SIRD,bmi,missing,0,Continuous,NA
SIRD,hba1c,mean,6.611111111111111,Continuous,NA
SIRD,hba1c,sd,0.8898383733146746,Continuous,NA
SIRD,hba1c,median,6.5,Continuous,NA
SIRD,hba1c,q25,6.1,Continuous,NA
SIRD,hba1c,q75,6.9,Continuous,NA
SIRD,hba1c,min,3.6,Continuous,NA
SIRD,hba1c,max,11.4,Continuous,NA
SIRD,hba1c,freq,657,Continuous,NA
SIRD,hba1c,missing,0,Continuous,NA
SIRD,glucosef2,mean,6.78130593607306,Continuous,NA
SIRD,glucosef2,sd,1.6577496783891907,Continuous,NA
SIRD,glucosef2,median,6.6045,Continuous,NA
SIRD,glucosef2,q25,5.772,Continuous,NA
SIRD,glucosef2,q75,7.3815,Continuous,NA
SIRD,glucosef2,min,2.109,Continuous,NA
SIRD,glucosef2,max,16.206,Continuous,NA
SIRD,glucosef2,freq,657,Continuous,NA
SIRD,glucosef2,missing,0,Continuous,NA
SIRD,insulinf2,mean,586.285054945055,Continuous,NA
SIRD,insulinf2,sd,262.0465165923354,Continuous,NA
SIRD,insulinf2,median,510,Continuous,NA
SIRD,insulinf2,q25,402,Continuous,NA
SIRD,insulinf2,q75,680.4,Continuous,NA
SIRD,insulinf2,min,197,Continuous,NA
SIRD,insulinf2,max,1850.4,Continuous,NA
SIRD,insulinf2,freq,273,Continuous,NA
SIRD,insulinf2,missing,384,Continuous,NA
SIRD,homa2b,mean,329.35018315018317,Continuous,NA
SIRD,homa2b,sd,129.52746504249197,Continuous,NA
SIRD,homa2b,median,303,Continuous,NA
SIRD,homa2b,q25,250.6,Continuous,NA
SIRD,homa2b,q75,374.8,Continuous,NA
SIRD,homa2b,min,125.9,Continuous,NA
SIRD,homa2b,max,1250.5,Continuous,NA
SIRD,homa2b,freq,273,Continuous,NA
SIRD,homa2b,missing,384,Continuous,NA
SIRD,homa2ir,mean,10.0007326007326,Continuous,NA
SIRD,homa2ir,sd,3.8722902543926336,Continuous,NA
SIRD,homa2ir,median,9.2,Continuous,NA
SIRD,homa2ir,q25,7.4,Continuous,NA
SIRD,homa2ir,q75,11.8,Continuous,NA
SIRD,homa2ir,min,3.1,Continuous,NA
SIRD,homa2ir,max,27,Continuous,NA
SIRD,homa2ir,freq,273,Continuous,NA
SIRD,homa2ir,missing,384,Continuous,NA
SIRD,ldlc,mean,106.46728971962617,Continuous,NA
SIRD,ldlc,sd,32.554569885225504,Continuous,NA
SIRD,ldlc,median,104,Continuous,NA
SIRD,ldlc,q25,85,Continuous,NA
SIRD,ldlc,q75,125,Continuous,NA
SIRD,ldlc,min,21,Continuous,NA
SIRD,ldlc,max,232,Continuous,NA
SIRD,ldlc,freq,642,Continuous,NA
SIRD,ldlc,missing,15,Continuous,NA
SIRD,hdlc,mean,46.048706240487064,Continuous,NA
SIRD,hdlc,sd,12.959625472154388,Continuous,NA
SIRD,hdlc,median,44,Continuous,NA
SIRD,hdlc,q25,37,Continuous,NA
SIRD,hdlc,q75,53,Continuous,NA
SIRD,hdlc,min,23,Continuous,NA
SIRD,hdlc,max,136,Continuous,NA
SIRD,hdlc,freq,657,Continuous,NA
SIRD,hdlc,missing,0,Continuous,NA
SIRD,tgl,mean,164.46879756468797,Continuous,NA
SIRD,tgl,sd,123.1337613593821,Continuous,NA
SIRD,tgl,median,134,Continuous,NA
SIRD,tgl,q25,95,Continuous,NA
SIRD,tgl,q75,194,Continuous,NA
SIRD,tgl,min,40,Continuous,NA
SIRD,tgl,max,1521,Continuous,NA
SIRD,tgl,freq,657,Continuous,NA
SIRD,tgl,missing,0,Continuous,NA
SIRD,sbp,mean,127.6608198869863,Continuous,NA
SIRD,sbp,sd,19.957851606009196,Continuous,NA
SIRD,sbp,median,125.6666667,Continuous,NA
SIRD,sbp,q25,113,Continuous,NA
SIRD,sbp,q75,139,Continuous,NA
SIRD,sbp,min,73.33333333,Continuous,NA
SIRD,sbp,max,204.3333333,Continuous,NA
SIRD,sbp,freq,657,Continuous,NA
SIRD,sbp,missing,0,Continuous,NA
SIRD,dbp,mean,71.12258061878235,Continuous,NA
SIRD,dbp,sd,11.16101397986717,Continuous,NA
SIRD,dbp,median,70.66666667,Continuous,NA
SIRD,dbp,q25,63.66666667,Continuous,NA
SIRD,dbp,q75,78,Continuous,NA
SIRD,dbp,min,37.33333333,Continuous,NA
SIRD,dbp,max,140,Continuous,NA
SIRD,dbp,freq,657,Continuous,NA
SIRD,dbp,missing,0,Continuous,NA
SIRD,ratio_th,mean,4.134435116931507,Continuous,NA
SIRD,ratio_th,sd,4.311886080476909,Continuous,NA
SIRD,ratio_th,median,3.113636364,Continuous,NA
SIRD,ratio_th,q25,1.978723404,Continuous,NA
SIRD,ratio_th,q75,4.648648649,Continuous,NA
SIRD,ratio_th,min,0.369747899,Continuous,NA
SIRD,ratio_th,max,60.84,Continuous,NA
SIRD,ratio_th,freq,657,Continuous,NA
SIRD,ratio_th,missing,0,Continuous,NA
SIRD,ast,mean,33,Continuous,NA
SIRD,ast,sd,18.384776310850235,Continuous,NA
SIRD,ast,median,33,Continuous,NA
SIRD,ast,q25,26.5,Continuous,NA
SIRD,ast,q75,39.5,Continuous,NA
SIRD,ast,min,20,Continuous,NA
SIRD,ast,max,46,Continuous,NA
SIRD,ast,freq,2,Continuous,NA
SIRD,ast,missing,655,Continuous,NA
SIRD,alt,mean,37,Continuous,NA
SIRD,alt,sd,32.526911934581186,Continuous,NA
SIRD,alt,median,37,Continuous,NA
SIRD,alt,q25,25.5,Continuous,NA
SIRD,alt,q75,48.5,Continuous,NA
SIRD,alt,min,14,Continuous,NA
SIRD,alt,max,60,Continuous,NA
SIRD,alt,freq,2,Continuous,NA
SIRD,alt,missing,655,Continuous,NA
SIRD,urinealbumin,mean,5.628629310344827,Continuous,NA
SIRD,urinealbumin,sd,26.575160091943722,Continuous,NA
SIRD,urinealbumin,median,0.95,Continuous,NA
SIRD,urinealbumin,q25,0.4825,Continuous,NA
SIRD,urinealbumin,q75,2.4,Continuous,NA
SIRD,urinealbumin,min,0.09,Continuous,NA
SIRD,urinealbumin,max,495,Continuous,NA
SIRD,urinealbumin,freq,580,Continuous,NA
SIRD,urinealbumin,missing,77,Continuous,NA
SIRD,urinecreatinine,mean,128.19633507853402,Continuous,NA
SIRD,urinecreatinine,sd,70.85738387903714,Continuous,NA
SIRD,urinecreatinine,median,119.7,Continuous,NA
SIRD,urinecreatinine,q25,74.1,Continuous,NA
SIRD,urinecreatinine,q75,166.3,Continuous,NA
SIRD,urinecreatinine,min,11.2,Continuous,NA
SIRD,urinecreatinine,max,514.7,Continuous,NA
SIRD,urinecreatinine,freq,573,Continuous,NA
SIRD,urinecreatinine,missing,84,Continuous,NA
SIRD,uacr,mean,41.73988032090054,Continuous,NA
SIRD,uacr,sd,156.35174404354984,Continuous,NA
SIRD,uacr,median,7.9,Continuous,NA
SIRD,uacr,q25,4.2,Continuous,NA
SIRD,uacr,q75,17.6,Continuous,NA
SIRD,uacr,min,1.23,Continuous,NA
SIRD,uacr,max,1985.1,Continuous,NA
SIRD,uacr,freq,553,Continuous,NA
SIRD,uacr,missing,104,Continuous,NA
SIRD,egfr,mean,68.84886127149038,Continuous,NA
SIRD,egfr,sd,17.134814918993097,Continuous,NA
SIRD,egfr,median,69.52216027,Continuous,NA
SIRD,egfr,q25,58.18867249,Continuous,NA
SIRD,egfr,q75,79.795140485,Continuous,NA
SIRD,egfr,min,23.67480474,Continuous,NA
SIRD,egfr,max,128.8378725,Continuous,NA
SIRD,egfr,freq,208,Continuous,NA
SIRD,egfr,missing,449,Continuous,NA
Total,dmagediag,mean,62.38960725315029,Continuous,NA
Total,dmagediag,sd,12.463363337172405,Continuous,NA
Total,dmagediag,median,63,Continuous,NA
Total,dmagediag,q25,52.97465753750001,Continuous,NA
Total,dmagediag,q75,72,Continuous,NA
Total,dmagediag,min,22,Continuous,NA
Total,dmagediag,max,100,Continuous,NA
Total,dmagediag,freq,4844,Continuous,NA
Total,dmagediag,missing,0,Continuous,NA
Total,bmi,mean,33.34870950576177,Continuous,NA
Total,bmi,sd,7.00664946560307,Continuous,NA
Total,bmi,median,32.30108531,Continuous,NA
Total,bmi,q25,28.290245275000004,Continuous,NA
Total,bmi,q75,37.23456322,Continuous,NA
Total,bmi,min,15.89644122,Continuous,NA
Total,bmi,max,73.90794993,Continuous,NA
Total,bmi,freq,4844,Continuous,NA
Total,bmi,missing,0,Continuous,NA
Total,hba1c,mean,6.678845995045417,Continuous,NA
Total,hba1c,sd,1.2686132461337511,Continuous,NA
Total,hba1c,median,6.5,Continuous,NA
Total,hba1c,q25,5.9,Continuous,NA
Total,hba1c,q75,6.9,Continuous,NA
Total,hba1c,min,3.6,Continuous,NA
Total,hba1c,max,17.4,Continuous,NA
Total,hba1c,freq,4844,Continuous,NA
Total,hba1c,missing,0,Continuous,NA
Total,glucosef2,mean,7.168281493506494,Continuous,NA
Total,glucosef2,sd,2.0088408311936874,Continuous,NA
Total,glucosef2,median,6.9375,Continuous,NA
Total,glucosef2,q25,5.994,Continuous,NA
Total,glucosef2,q75,7.548,Continuous,NA
Total,glucosef2,min,2.109,Continuous,NA
Total,glucosef2,max,22.866,Continuous,NA
Total,glucosef2,freq,4620,Continuous,NA
Total,glucosef2,missing,224,Continuous,NA
Total,insulinf2,mean,181.28644624640336,Continuous,NA
Total,insulinf2,sd,159.82936340247258,Continuous,NA
Total,insulinf2,median,137.82,Continuous,NA
Total,insulinf2,q25,83,Continuous,NA
Total,insulinf2,q75,224.77499999999998,Continuous,NA
Total,insulinf2,min,1.2,Continuous,NA
Total,insulinf2,max,1850.4,Continuous,NA
Total,insulinf2,freq,3823,Continuous,NA
Total,insulinf2,missing,1021,Continuous,NA
Total,homa2b,mean,121.0588281660536,Continuous,NA
Total,homa2b,sd,84.24692104298548,Continuous,NA
Total,homa2b,median,103.6,Continuous,NA
Total,homa2b,q25,68.2,Continuous,NA
Total,homa2b,q75,149.475,Continuous,NA
Total,homa2b,min,0.5,Continuous,NA
Total,homa2b,max,1250.5,Continuous,NA
Total,homa2b,freq,3806,Continuous,NA
Total,homa2b,missing,1038,Continuous,NA
Total,homa2ir,mean,3.4543352601156068,Continuous,NA
Total,homa2ir,sd,2.7037338988123225,Continuous,NA
Total,homa2ir,median,2.7,Continuous,NA
Total,homa2ir,q25,1.7,Continuous,NA
Total,homa2ir,q75,4.4,Continuous,NA
Total,homa2ir,min,0,Continuous,NA
Total,homa2ir,max,27,Continuous,NA
Total,homa2ir,freq,3806,Continuous,NA
Total,homa2ir,missing,1038,Continuous,NA
Total,ldlc,mean,110.91309318377913,Continuous,NA
Total,ldlc,sd,35.71480142804992,Continuous,NA
Total,ldlc,median,109,Continuous,NA
Total,ldlc,q25,86,Continuous,NA
Total,ldlc,q75,133,Continuous,NA
Total,ldlc,min,18,Continuous,NA
Total,ldlc,max,310,Continuous,NA
Total,ldlc,freq,4636,Continuous,NA
Total,ldlc,missing,208,Continuous,NA
Total,hdlc,mean,47.89044164710902,Continuous,NA
Total,hdlc,sd,13.225086030311166,Continuous,NA
Total,hdlc,median,46,Continuous,NA
Total,hdlc,q25,39,Continuous,NA
Total,hdlc,q75,55,Continuous,NA
Total,hdlc,min,17,Continuous,NA
Total,hdlc,max,148,Continuous,NA
Total,hdlc,freq,4687,Continuous,NA
Total,hdlc,missing,157,Continuous,NA
Total,tgl,mean,147.51418818007255,Continuous,NA
Total,tgl,sd,105.27166734238658,Continuous,NA
Total,tgl,median,124,Continuous,NA
Total,tgl,q25,90,Continuous,NA
Total,tgl,q75,174,Continuous,NA
Total,tgl,min,24,Continuous,NA
Total,tgl,max,3065,Continuous,NA
Total,tgl,freq,4687,Continuous,NA
Total,tgl,missing,157,Continuous,NA
Total,sbp,mean,126.27781859233616,Continuous,NA
Total,sbp,sd,19.171134247023147,Continuous,NA
Total,sbp,median,125,Continuous,NA
Total,sbp,q25,114,Continuous,NA
Total,sbp,q75,137,Continuous,NA
Total,sbp,min,52.66666667,Continuous,NA
Total,sbp,max,227,Continuous,NA
Total,sbp,freq,4837,Continuous,NA
Total,sbp,missing,7,Continuous,NA
Total,dbp,mean,74.547305464724,Continuous,NA
Total,dbp,sd,14.320705147831529,Continuous,NA
Total,dbp,median,73.3875,Continuous,NA
Total,dbp,q25,66,Continuous,NA
Total,dbp,q75,81,Continuous,NA
Total,dbp,min,34,Continuous,NA
Total,dbp,max,172.3333333,Continuous,NA
Total,dbp,freq,4837,Continuous,NA
Total,dbp,missing,7,Continuous,NA
Total,ratio_th,mean,3.520710826929166,Continuous,NA
Total,ratio_th,sd,3.3685010636051222,Continuous,NA
Total,ratio_th,median,2.70212766,Continuous,NA
Total,ratio_th,q25,1.7410600255,Continuous,NA
Total,ratio_th,q75,4.217483108,Continuous,NA
Total,ratio_th,min,0.333333333,Continuous,NA
Total,ratio_th,max,87.57142857,Continuous,NA
Total,ratio_th,freq,4687,Continuous,NA
Total,ratio_th,missing,157,Continuous,NA
Total,ast,mean,27.890625,Continuous,NA
Total,ast,sd,18.346849725259915,Continuous,NA
Total,ast,median,23,Continuous,NA
Total,ast,q25,19,Continuous,NA
Total,ast,q75,30,Continuous,NA
Total,ast,min,14,Continuous,NA
Total,ast,max,134,Continuous,NA
Total,ast,freq,64,Continuous,NA
Total,ast,missing,4780,Continuous,NA
Total,alt,mean,28.609375,Continuous,NA
Total,alt,sd,30.024126376674804,Continuous,NA
Total,alt,median,19.5,Continuous,NA
Total,alt,q25,14.75,Continuous,NA
Total,alt,q75,33,Continuous,NA
Total,alt,min,9,Continuous,NA
Total,alt,max,232,Continuous,NA
Total,alt,freq,64,Continuous,NA
Total,alt,missing,4780,Continuous,NA
Total,urinealbumin,mean,7.135656018829859,Continuous,NA
Total,urinealbumin,sd,37.28892070953751,Continuous,NA
Total,urinealbumin,median,1.1,Continuous,NA
Total,urinealbumin,q25,0.5,Continuous,NA
Total,urinealbumin,q75,2.7,Continuous,NA
Total,urinealbumin,min,0.06,Continuous,NA
Total,urinealbumin,max,1060,Continuous,NA
Total,urinealbumin,freq,2974,Continuous,NA
Total,urinealbumin,missing,1870,Continuous,NA
Total,urinecreatinine,mean,139.1312465678199,Continuous,NA
Total,urinecreatinine,sd,76.56816905298528,Continuous,NA
Total,urinecreatinine,median,128,Continuous,NA
Total,urinecreatinine,q25,83,Continuous,NA
Total,urinecreatinine,q75,179.1,Continuous,NA
Total,urinecreatinine,min,8,Continuous,NA
Total,urinecreatinine,max,562,Continuous,NA
Total,urinecreatinine,freq,1821,Continuous,NA
Total,urinecreatinine,missing,3023,Continuous,NA
Total,uacr,mean,34.770655631788756,Continuous,NA
Total,uacr,sd,123.21278293808496,Continuous,NA
Total,uacr,median,7.8,Continuous,NA
Total,uacr,q25,4.1625,Continuous,NA
Total,uacr,q75,18.261731845,Continuous,NA
Total,uacr,min,0.821561338,Continuous,NA
Total,uacr,max,1985.1,Continuous,NA
Total,uacr,freq,1103,Continuous,NA
Total,uacr,missing,3741,Continuous,NA
Total,egfr,mean,88.80811081472594,Continuous,NA
Total,egfr,sd,24.88114151073267,Continuous,NA
Total,egfr,median,87.29046599,Continuous,NA
Total,egfr,q25,72.215056975,Continuous,NA
Total,egfr,q75,105.528522525,Continuous,NA
Total,egfr,min,9.918591528,Continuous,NA
Total,egfr,max,227.9262615,Continuous,NA
Total,egfr,freq,956,Continuous,NA
Total,egfr,missing,3888,Continuous,NA
MARD,female,proportion,53.65155131264916,Proportion,NA
MARD,female,freq,2095,Proportion,NA
MARD,female,missing,0,Proportion,NA
MOD,female,proportion,69.41775014132277,Proportion,NA
MOD,female,freq,1769,Proportion,NA
MOD,female,missing,0,Proportion,NA
SIDD,female,proportion,52.32198142414861,Proportion,NA
SIDD,female,freq,323,Proportion,NA
SIDD,female,missing,0,Proportion,NA
SIRD,female,proportion,52.663622526636225,Proportion,NA
SIRD,female,freq,657,Proportion,NA
SIRD,female,missing,0,Proportion,NA
Total,female,proportion,59.18662262592898,Proportion,NA
Total,female,freq,4844,Proportion,NA
Total,female,missing,0,Proportion,NA
MARD,race_rev,proportion,43.67541766109785,Grouped,AA
MARD,race_rev,freq,915,Grouped,AA
MARD,race_rev,proportion,6.348448687350835,Grouped,Other
MARD,race_rev,freq,133,Grouped,Other
MARD,race_rev,proportion,49.976133651551315,Grouped,White
MARD,race_rev,freq,1047,Grouped,White
MOD,race_rev,proportion,49.06726964386659,Grouped,AA
MOD,race_rev,freq,868,Grouped,AA
MOD,race_rev,proportion,14.019219898247597,Grouped,Other
MOD,race_rev,freq,248,Grouped,Other
MOD,race_rev,proportion,36.91351045788581,Grouped,White
MOD,race_rev,freq,653,Grouped,White
SIDD,race_rev,proportion,85.13931888544892,Grouped,AA
SIDD,race_rev,freq,275,Grouped,AA
SIDD,race_rev,proportion,5.2631578947368425,Grouped,Other
SIDD,race_rev,freq,17,Grouped,Other
SIDD,race_rev,proportion,9.597523219814242,Grouped,White
SIDD,race_rev,freq,31,Grouped,White
SIRD,race_rev,proportion,33.94216133942162,Grouped,AA
SIRD,race_rev,freq,223,Grouped,AA
SIRD,race_rev,proportion,36.073059360730596,Grouped,Other
SIRD,race_rev,freq,237,Grouped,Other
SIRD,race_rev,proportion,29.984779299847794,Grouped,White
SIRD,race_rev,freq,197,Grouped,White
Total,race_rev,proportion,47.089182493806774,Grouped,AA
Total,race_rev,freq,2281,Grouped,AA
Total,race_rev,proportion,13.109000825763832,Grouped,Other
Total,race_rev,freq,635,Grouped,Other
Total,race_rev,proportion,39.8018166804294,Grouped,White
Total,race_rev,freq,1928,Grouped,White
MARD,study,proportion,47.30310262529833,Grouped,aric
MARD,study,freq,991,Grouped,aric
MARD,study,proportion,1.4797136038186158,Grouped,cardia
MARD,study,freq,31,Grouped,cardia
MARD,study,proportion,7.780429594272077,Grouped,dpp
MARD,study,freq,163,Grouped,dpp
MARD,study,proportion,14.128878281622912,Grouped,dppos
MARD,study,freq,296,Grouped,dppos
MARD,study,proportion,23.7708830548926,Grouped,jhs
MARD,study,freq,498,Grouped,jhs
MARD,study,proportion,5.536992840095466,Grouped,mesa
MARD,study,freq,116,Grouped,mesa
MOD,study,proportion,2.035048049745619,Grouped,aric
MOD,study,freq,36,Grouped,aric
MOD,study,proportion,16.167326172979084,Grouped,cardia
MOD,study,freq,286,Grouped,cardia
MOD,study,proportion,29.055963821368003,Grouped,dpp
MOD,study,freq,514,Grouped,dpp
MOD,study,proportion,28.82984737139627,Grouped,dppos
MOD,study,freq,510,Grouped,dppos
MOD,study,proportion,21.368004522329,Grouped,jhs
MOD,study,freq,378,Grouped,jhs
MOD,study,proportion,2.5438100621820237,Grouped,mesa
MOD,study,freq,45,Grouped,mesa
SIDD,study,proportion,9.597523219814242,Grouped,aric
SIDD,study,freq,31,Grouped,aric
SIDD,study,proportion,16.71826625386997,Grouped,cardia
SIDD,study,freq,54,Grouped,cardia
SIDD,study,proportion,2.476780185758514,Grouped,dpp
SIDD,study,freq,8,Grouped,dpp
SIDD,study,proportion,0.9287925696594427,Grouped,dppos
SIDD,study,freq,3,Grouped,dppos
SIDD,study,proportion,60.371517027863774,Grouped,jhs
SIDD,study,freq,195,Grouped,jhs
SIDD,study,proportion,9.907120743034056,Grouped,mesa
SIDD,study,freq,32,Grouped,mesa
SIRD,study,proportion,1.36986301369863,Grouped,aric
SIRD,study,freq,9,Grouped,aric
SIRD,study,proportion,0.60882800608828,Grouped,cardia
SIRD,study,freq,4,Grouped,cardia
SIRD,study,proportion,1.82648401826484,Grouped,dpp
SIRD,study,freq,12,Grouped,dpp
SIRD,study,proportion,8.52359208523592,Grouped,dppos
SIRD,study,freq,56,Grouped,dppos
SIRD,study,proportion,3.1963470319634704,Grouped,jhs
SIRD,study,freq,21,Grouped,jhs
SIRD,study,proportion,84.47488584474885,Grouped,mesa
SIRD,study,freq,555,Grouped,mesa
Total,study,proportion,22.027250206440957,Grouped,aric
Total,study,freq,1067,Grouped,aric
Total,study,proportion,7.7415359207266725,Grouped,cardia
Total,study,freq,375,Grouped,cardia
Total,study,proportion,14.388934764657307,Grouped,dpp
Total,study,freq,697,Grouped,dpp
Total,study,proportion,17.857142857142858,Grouped,dppos
Total,study,freq,865,Grouped,dppos
Total,study,proportion,22.54335260115607,Grouped,jhs
Total,study,freq,1092,Grouped,jhs
Total,study,proportion,15.441783649876136,Grouped,mesa
Total,study,freq,748,Grouped,mesa
