study,variable,est,value,type,group
aric,dmagediag,mean,75.3120899718838,Continuous,NA
aric,dmagediag,sd,5.067484022398552,Continuous,NA
aric,dmagediag,median,74,Continuous,NA
aric,dmagediag,q25,71,Continuous,NA
aric,dmagediag,q75,79,Continuous,NA
aric,dmagediag,min,67,Continuous,NA
aric,dmagediag,max,89,Continuous,NA
aric,dmagediag,freq,2134,Continuous,NA
aric,dmagediag,missing,0,Continuous,NA
aric,bmi,mean,30.586028805417058,Continuous,NA
aric,bmi,sd,5.882919404746849,Continuous,NA
aric,bmi,median,29.72647392,Continuous,NA
aric,bmi,q25,26.652958447499998,Continuous,NA
aric,bmi,q75,33.785410685,Continuous,NA
aric,bmi,min,15.89644122,Continuous,NA
aric,bmi,max,53.90218522,Continuous,NA
aric,bmi,freq,2134,Continuous,NA
aric,bmi,missing,0,Continuous,NA
aric,hba1c,mean,6.303655107778819,Continuous,NA
aric,hba1c,sd,0.9220412672584555,Continuous,NA
aric,hba1c,median,6.1,Continuous,NA
aric,hba1c,q25,5.8,Continuous,NA
aric,hba1c,q75,6.6,Continuous,NA
aric,hba1c,min,4.2,Continuous,NA
aric,hba1c,max,13.9,Continuous,NA
aric,hba1c,freq,2134,Continuous,NA
aric,hba1c,missing,0,Continuous,NA
aric,glucosef2,mean,7.1824118236472945,Continuous,NA
aric,glucosef2,sd,1.7153487372737497,Continuous,NA
aric,glucosef2,median,7.0485,Continuous,NA
aric,glucosef2,q25,6.105,Continuous,NA
aric,glucosef2,q75,7.659,Continuous,NA
aric,glucosef2,min,3.6075,Continuous,NA
aric,glucosef2,max,22.866,Continuous,NA
aric,glucosef2,freq,1996,Continuous,NA
aric,glucosef2,missing,138,Continuous,NA
aric,insulinf2,mean,103.70367958115183,Continuous,NA
aric,insulinf2,sd,71.56330780664307,Continuous,NA
aric,insulinf2,median,86.22,Continuous,NA
aric,insulinf2,q25,56.13,Continuous,NA
aric,insulinf2,q75,129.345,Continuous,NA
aric,insulinf2,min,1.2,Continuous,NA
aric,insulinf2,max,744.6,Continuous,NA
aric,insulinf2,freq,1910,Continuous,NA
aric,insulinf2,missing,224,Continuous,NA
aric,homa2b,mean,77.64371002132197,Continuous,NA
aric,homa2b,sd,38.75311129550419,Continuous,NA
aric,homa2b,median,71,Continuous,NA
aric,homa2b,q25,52.2,Continuous,NA
aric,homa2b,q75,94.9,Continuous,NA
aric,homa2b,min,0.5,Continuous,NA
aric,homa2b,max,339.1,Continuous,NA
aric,homa2b,freq,1876,Continuous,NA
aric,homa2b,missing,258,Continuous,NA
aric,homa2ir,mean,2.0803837953091686,Continuous,NA
aric,homa2ir,sd,1.3870790650221065,Continuous,NA
aric,homa2ir,median,1.75,Continuous,NA
aric,homa2ir,q25,1.1,Continuous,NA
aric,homa2ir,q75,2.6,Continuous,NA
aric,homa2ir,min,0,Continuous,NA
aric,homa2ir,max,12.7,Continuous,NA
aric,homa2ir,freq,1876,Continuous,NA
aric,homa2ir,missing,258,Continuous,NA
aric,ldlc,mean,97.14715370018975,Continuous,NA
aric,ldlc,sd,33.17328089323903,Continuous,NA
aric,ldlc,median,94,Continuous,NA
aric,ldlc,q25,72,Continuous,NA
aric,ldlc,q75,118,Continuous,NA
aric,ldlc,min,18,Continuous,NA
aric,ldlc,max,259,Continuous,NA
aric,ldlc,freq,2108,Continuous,NA
aric,ldlc,missing,26,Continuous,NA
aric,hdlc,mean,48.490627928772255,Continuous,NA
aric,hdlc,sd,12.65575836017565,Continuous,NA
aric,hdlc,median,47,Continuous,NA
aric,hdlc,q25,39,Continuous,NA
aric,hdlc,q75,56,Continuous,NA
aric,hdlc,min,24,Continuous,NA
aric,hdlc,max,117,Continuous,NA
aric,hdlc,freq,2134,Continuous,NA
aric,hdlc,missing,0,Continuous,NA
aric,tgl,mean,141.20243673851922,Continuous,NA
aric,tgl,sd,76.81751364067802,Continuous,NA
aric,tgl,median,122,Continuous,NA
aric,tgl,q25,94,Continuous,NA
aric,tgl,q75,168,Continuous,NA
aric,tgl,min,38,Continuous,NA
aric,tgl,max,847,Continuous,NA
aric,tgl,freq,2134,Continuous,NA
aric,tgl,missing,0,Continuous,NA
aric,sbp,mean,129.57510191199435,Continuous,NA
aric,sbp,sd,18.00865380681655,Continuous,NA
aric,sbp,median,128.6666667,Continuous,NA
aric,sbp,q25,116.6666667,Continuous,NA
aric,sbp,q75,140.6666667,Continuous,NA
aric,sbp,min,75.5,Continuous,NA
aric,sbp,max,201.6666667,Continuous,NA
aric,sbp,freq,2126,Continuous,NA
aric,sbp,missing,8,Continuous,NA
aric,dbp,mean,66.77234242708373,Continuous,NA
aric,dbp,sd,10.75291436049939,Continuous,NA
aric,dbp,median,66,Continuous,NA
aric,dbp,q25,59.416666664999994,Continuous,NA
aric,dbp,q75,73.66666667,Continuous,NA
aric,dbp,min,37.33333333,Continuous,NA
aric,dbp,max,111.3333333,Continuous,NA
aric,dbp,freq,2126,Continuous,NA
aric,dbp,missing,8,Continuous,NA
aric,ratio_th,mean,3.2118195791658857,Continuous,NA
aric,ratio_th,sd,2.190054828167618,Continuous,NA
aric,ratio_th,median,2.633333333,Continuous,NA
aric,ratio_th,q25,1.81855439625,Continuous,NA
aric,ratio_th,q75,3.9775510205,Continuous,NA
aric,ratio_th,min,0.487179487,Continuous,NA
aric,ratio_th,max,17.28571429,Continuous,NA
aric,ratio_th,freq,2134,Continuous,NA
aric,ratio_th,missing,0,Continuous,NA
aric,ast,mean,NA,Continuous,NA
aric,ast,sd,NA,Continuous,NA
aric,ast,median,NA,Continuous,NA
aric,ast,q25,NA,Continuous,NA
aric,ast,q75,NA,Continuous,NA
aric,ast,min,Inf,Continuous,NA
aric,ast,max,-Inf,Continuous,NA
aric,ast,freq,0,Continuous,NA
aric,ast,missing,2134,Continuous,NA
aric,alt,mean,NA,Continuous,NA
aric,alt,sd,NA,Continuous,NA
aric,alt,median,NA,Continuous,NA
aric,alt,q25,NA,Continuous,NA
aric,alt,q75,NA,Continuous,NA
aric,alt,min,Inf,Continuous,NA
aric,alt,max,-Inf,Continuous,NA
aric,alt,freq,0,Continuous,NA
aric,alt,missing,2134,Continuous,NA
aric,urinealbumin,mean,5.8184804928131415,Continuous,NA
aric,urinealbumin,sd,40.393416949699166,Continuous,NA
aric,urinealbumin,median,1,Continuous,NA
aric,urinealbumin,q25,0.5,Continuous,NA
aric,urinealbumin,q75,2.1,Continuous,NA
aric,urinealbumin,min,0.2,Continuous,NA
aric,urinealbumin,max,1060,Continuous,NA
aric,urinealbumin,freq,1948,Continuous,NA
aric,urinealbumin,missing,186,Continuous,NA
aric,urinecreatinine,mean,NA,Continuous,NA
aric,urinecreatinine,sd,NA,Continuous,NA
aric,urinecreatinine,median,NA,Continuous,NA
aric,urinecreatinine,q25,NA,Continuous,NA
aric,urinecreatinine,q75,NA,Continuous,NA
aric,urinecreatinine,min,Inf,Continuous,NA
aric,urinecreatinine,max,-Inf,Continuous,NA
aric,urinecreatinine,freq,0,Continuous,NA
aric,urinecreatinine,missing,2134,Continuous,NA
aric,uacr,mean,NA,Continuous,NA
aric,uacr,sd,NA,Continuous,NA
aric,uacr,median,NA,Continuous,NA
aric,uacr,q25,NA,Continuous,NA
aric,uacr,q75,NA,Continuous,NA
aric,uacr,min,Inf,Continuous,NA
aric,uacr,max,-Inf,Continuous,NA
aric,uacr,freq,0,Continuous,NA
aric,uacr,missing,2134,Continuous,NA
aric,egfr,mean,NA,Continuous,NA
aric,egfr,sd,NA,Continuous,NA
aric,egfr,median,NA,Continuous,NA
aric,egfr,q25,NA,Continuous,NA
aric,egfr,q75,NA,Continuous,NA
aric,egfr,min,Inf,Continuous,NA
aric,egfr,max,-Inf,Continuous,NA
aric,egfr,freq,0,Continuous,NA
aric,egfr,missing,2134,Continuous,NA
cardia,dmagediag,mean,46.845333333333336,Continuous,NA
cardia,dmagediag,sd,6.413235091174223,Continuous,NA
cardia,dmagediag,median,48,Continuous,NA
cardia,dmagediag,q25,43,Continuous,NA
cardia,dmagediag,q75,51,Continuous,NA
cardia,dmagediag,min,27,Continuous,NA
cardia,dmagediag,max,60,Continuous,NA
cardia,dmagediag,freq,750,Continuous,NA
cardia,dmagediag,missing,0,Continuous,NA
cardia,bmi,mean,35.14802342576,Continuous,NA
cardia,bmi,sd,6.723274820749449,Continuous,NA
cardia,bmi,median,34.33743426,Continuous,NA
cardia,bmi,q25,30.206628667500002,Continuous,NA
cardia,bmi,q75,39.820831257500004,Continuous,NA
cardia,bmi,min,18.93150581,Continuous,NA
cardia,bmi,max,52.42507722,Continuous,NA
cardia,bmi,freq,750,Continuous,NA
cardia,bmi,missing,0,Continuous,NA
cardia,hba1c,mean,7.07928,Continuous,NA
cardia,hba1c,sd,1.5467938377502033,Continuous,NA
cardia,hba1c,median,6.7,Continuous,NA
cardia,hba1c,q25,6.2,Continuous,NA
cardia,hba1c,q75,7.422499999999999,Continuous,NA
cardia,hba1c,min,4.4,Continuous,NA
cardia,hba1c,max,15,Continuous,NA
cardia,hba1c,freq,750,Continuous,NA
cardia,hba1c,missing,0,Continuous,NA
cardia,glucosef2,mean,7.259104,Continuous,NA
cardia,glucosef2,sd,2.6942682794405357,Continuous,NA
cardia,glucosef2,median,6.4935,Continuous,NA
cardia,glucosef2,q25,5.7165,Continuous,NA
cardia,glucosef2,q75,7.77,Continuous,NA
cardia,glucosef2,min,3.2745,Continuous,NA
cardia,glucosef2,max,20.7015,Continuous,NA
cardia,glucosef2,freq,750,Continuous,NA
cardia,glucosef2,missing,0,Continuous,NA
cardia,insulinf2,mean,142.4001871657754,Continuous,NA
cardia,insulinf2,sd,88.24342463699523,Continuous,NA
cardia,insulinf2,median,117,Continuous,NA
cardia,insulinf2,q25,85.77,Continuous,NA
cardia,insulinf2,q75,172.62,Continuous,NA
cardia,insulinf2,min,10,Continuous,NA
cardia,insulinf2,max,508.44,Continuous,NA
cardia,insulinf2,freq,748,Continuous,NA
cardia,insulinf2,missing,2,Continuous,NA
cardia,homa2b,mean,109.14010695187166,Continuous,NA
cardia,homa2b,sd,64.99524024166342,Continuous,NA
cardia,homa2b,median,99.6,Continuous,NA
cardia,homa2b,q25,64.9,Continuous,NA
cardia,homa2b,q75,140.4,Continuous,NA
cardia,homa2b,min,9.1,Continuous,NA
cardia,homa2b,max,525.9,Continuous,NA
cardia,homa2b,freq,748,Continuous,NA
cardia,homa2b,missing,2,Continuous,NA
cardia,homa2ir,mean,2.8259358288770056,Continuous,NA
cardia,homa2ir,sd,1.7635142158346362,Continuous,NA
cardia,homa2ir,median,2.4,Continuous,NA
cardia,homa2ir,q25,1.7,Continuous,NA
cardia,homa2ir,q75,3.4,Continuous,NA
cardia,homa2ir,min,0.2,Continuous,NA
cardia,homa2ir,max,15.6,Continuous,NA
cardia,homa2ir,freq,748,Continuous,NA
cardia,homa2ir,missing,2,Continuous,NA
cardia,ldlc,mean,115.90190735694823,Continuous,NA
cardia,ldlc,sd,36.76816007452128,Continuous,NA
cardia,ldlc,median,113,Continuous,NA
cardia,ldlc,q25,91,Continuous,NA
cardia,ldlc,q75,136,Continuous,NA
cardia,ldlc,min,31,Continuous,NA
cardia,ldlc,max,256,Continuous,NA
cardia,ldlc,freq,734,Continuous,NA
cardia,ldlc,missing,16,Continuous,NA
cardia,hdlc,mean,46.592,Continuous,NA
cardia,hdlc,sd,13.611486549532989,Continuous,NA
cardia,hdlc,median,45,Continuous,NA
cardia,hdlc,q25,38,Continuous,NA
cardia,hdlc,q75,53,Continuous,NA
cardia,hdlc,min,23,Continuous,NA
cardia,hdlc,max,148,Continuous,NA
cardia,hdlc,freq,750,Continuous,NA
cardia,hdlc,missing,0,Continuous,NA
cardia,tgl,mean,155.12533333333334,Continuous,NA
cardia,tgl,sd,128.91065731084186,Continuous,NA
cardia,tgl,median,122,Continuous,NA
cardia,tgl,q25,89,Continuous,NA
cardia,tgl,q75,181.75,Continuous,NA
cardia,tgl,min,33,Continuous,NA
cardia,tgl,max,1314,Continuous,NA
cardia,tgl,freq,750,Continuous,NA
cardia,tgl,missing,0,Continuous,NA
cardia,sbp,mean,108.30755555464,Continuous,NA
cardia,sbp,sd,25.608562516671675,Continuous,NA
cardia,sbp,median,109.3333333,Continuous,NA
cardia,sbp,q25,87.0833333325,Continuous,NA
cardia,sbp,q75,126.6666667,Continuous,NA
cardia,sbp,min,52.66666667,Continuous,NA
cardia,sbp,max,201,Continuous,NA
cardia,sbp,freq,750,Continuous,NA
cardia,sbp,missing,0,Continuous,NA
cardia,dbp,mean,96.10133333245334,Continuous,NA
cardia,dbp,sd,26.269795660057774,Continuous,NA
cardia,dbp,median,87,Continuous,NA
cardia,dbp,q25,75.66666667,Continuous,NA
cardia,dbp,q75,118.6666667,Continuous,NA
cardia,dbp,min,53.33333333,Continuous,NA
cardia,dbp,max,172.3333333,Continuous,NA
cardia,dbp,freq,750,Continuous,NA
cardia,dbp,missing,0,Continuous,NA
cardia,ratio_th,mean,3.8085899488666666,Continuous,NA
cardia,ratio_th,sd,3.965195475338705,Continuous,NA
cardia,ratio_th,median,2.775,Continuous,NA
cardia,ratio_th,q25,1.77844116375,Continuous,NA
cardia,ratio_th,q75,4.4059756095,Continuous,NA
cardia,ratio_th,min,0.352459016,Continuous,NA
cardia,ratio_th,max,45.31034483,Continuous,NA
cardia,ratio_th,freq,750,Continuous,NA
cardia,ratio_th,missing,0,Continuous,NA
cardia,ast,mean,NA,Continuous,NA
cardia,ast,sd,NA,Continuous,NA
cardia,ast,median,NA,Continuous,NA
cardia,ast,q25,NA,Continuous,NA
cardia,ast,q75,NA,Continuous,NA
cardia,ast,min,Inf,Continuous,NA
cardia,ast,max,-Inf,Continuous,NA
cardia,ast,freq,0,Continuous,NA
cardia,ast,missing,750,Continuous,NA
cardia,alt,mean,NA,Continuous,NA
cardia,alt,sd,NA,Continuous,NA
cardia,alt,median,NA,Continuous,NA
cardia,alt,q25,NA,Continuous,NA
cardia,alt,q75,NA,Continuous,NA
cardia,alt,min,Inf,Continuous,NA
cardia,alt,max,-Inf,Continuous,NA
cardia,alt,freq,0,Continuous,NA
cardia,alt,missing,750,Continuous,NA
cardia,urinealbumin,mean,3.392922865013774,Continuous,NA
cardia,urinealbumin,sd,8.569750868762911,Continuous,NA
cardia,urinealbumin,median,0.978,Continuous,NA
cardia,urinealbumin,q25,0.41625,Continuous,NA
cardia,urinealbumin,q75,2.5145,Continuous,NA
cardia,urinealbumin,min,0.06,Continuous,NA
cardia,urinealbumin,max,76.03,Continuous,NA
cardia,urinealbumin,freq,726,Continuous,NA
cardia,urinealbumin,missing,24,Continuous,NA
cardia,urinecreatinine,mean,NA,Continuous,NA
cardia,urinecreatinine,sd,NA,Continuous,NA
cardia,urinecreatinine,median,NA,Continuous,NA
cardia,urinecreatinine,q25,NA,Continuous,NA
cardia,urinecreatinine,q75,NA,Continuous,NA
cardia,urinecreatinine,min,Inf,Continuous,NA
cardia,urinecreatinine,max,-Inf,Continuous,NA
cardia,urinecreatinine,freq,0,Continuous,NA
cardia,urinecreatinine,missing,750,Continuous,NA
cardia,uacr,mean,28.348961878410467,Continuous,NA
cardia,uacr,sd,86.1757634368487,Continuous,NA
cardia,uacr,median,6.98,Continuous,NA
cardia,uacr,q25,4.105973247,Continuous,NA
cardia,uacr,q75,16.106363635,Continuous,NA
cardia,uacr,min,0.821561338,Continuous,NA
cardia,uacr,max,894.5454545,Continuous,NA
cardia,uacr,freq,726,Continuous,NA
cardia,uacr,missing,24,Continuous,NA
cardia,egfr,mean,101.99471145229333,Continuous,NA
cardia,egfr,sd,22.701768395528052,Continuous,NA
cardia,egfr,median,100.5,Continuous,NA
cardia,egfr,q25,86.56803841,Continuous,NA
cardia,egfr,q75,115.7809115,Continuous,NA
cardia,egfr,min,35.98746119,Continuous,NA
cardia,egfr,max,227.9262615,Continuous,NA
cardia,egfr,freq,750,Continuous,NA
cardia,egfr,missing,0,Continuous,NA
dpp,dmagediag,mean,52.10553644780488,Continuous,NA
dpp,dmagediag,sd,9.281999614691706,Continuous,NA
dpp,dmagediag,median,50.62465753,Continuous,NA
dpp,dmagediag,q25,44.0739726,Continuous,NA
dpp,dmagediag,q75,58.99178082,Continuous,NA
dpp,dmagediag,min,37.42465753,Continuous,NA
dpp,dmagediag,max,71.07671233,Continuous,NA
dpp,dmagediag,freq,1394,Continuous,NA
dpp,dmagediag,missing,0,Continuous,NA
dpp,bmi,mean,35.604328934906746,Continuous,NA
dpp,bmi,sd,7.788068778011097,Continuous,NA
dpp,bmi,median,34.45008748,Continuous,NA
dpp,bmi,q25,29.55377778,Continuous,NA
dpp,bmi,q75,40.03387166,Continuous,NA
dpp,bmi,min,21.95324552,Continuous,NA
dpp,bmi,max,73.90794993,Continuous,NA
dpp,bmi,freq,1394,Continuous,NA
dpp,bmi,missing,0,Continuous,NA
dpp,hba1c,mean,6.347919655667145,Continuous,NA
dpp,hba1c,sd,0.7091641779590844,Continuous,NA
dpp,hba1c,median,6.3,Continuous,NA
dpp,hba1c,q25,5.9,Continuous,NA
dpp,hba1c,q75,6.7,Continuous,NA
dpp,hba1c,min,3.6,Continuous,NA
dpp,hba1c,max,11.8,Continuous,NA
dpp,hba1c,freq,1394,Continuous,NA
dpp,hba1c,missing,0,Continuous,NA
dpp,glucosef2,mean,6.9261929698708755,Continuous,NA
dpp,glucosef2,sd,1.1430143591673805,Continuous,NA
dpp,glucosef2,median,6.993,Continuous,NA
dpp,glucosef2,q25,6.216,Continuous,NA
dpp,glucosef2,q75,7.3815,Continuous,NA
dpp,glucosef2,min,4.551,Continuous,NA
dpp,glucosef2,max,15.873,Continuous,NA
dpp,glucosef2,freq,1394,Continuous,NA
dpp,glucosef2,missing,0,Continuous,NA
dpp,insulinf2,mean,195.19154518950438,Continuous,NA
dpp,insulinf2,sd,110.01074724344956,Continuous,NA
dpp,insulinf2,median,174.9,Continuous,NA
dpp,insulinf2,q25,114,Continuous,NA
dpp,insulinf2,q75,252,Continuous,NA
dpp,insulinf2,min,15,Continuous,NA
dpp,insulinf2,max,1020,Continuous,NA
dpp,insulinf2,freq,1372,Continuous,NA
dpp,insulinf2,missing,22,Continuous,NA
dpp,homa2b,mean,126.12580174927113,Continuous,NA
dpp,homa2b,sd,51.38724271449814,Continuous,NA
dpp,homa2b,median,122.15,Continuous,NA
dpp,homa2b,q25,91.4,Continuous,NA
dpp,homa2b,q75,154.9,Continuous,NA
dpp,homa2b,min,9.5,Continuous,NA
dpp,homa2b,max,429.8,Continuous,NA
dpp,homa2b,freq,1372,Continuous,NA
dpp,homa2b,missing,22,Continuous,NA
dpp,homa2ir,mean,3.748396501457726,Continuous,NA
dpp,homa2ir,sd,1.9833711460706986,Continuous,NA
dpp,homa2ir,median,3.4,Continuous,NA
dpp,homa2ir,q25,2.3,Continuous,NA
dpp,homa2ir,q75,4.9,Continuous,NA
dpp,homa2ir,min,0.3,Continuous,NA
dpp,homa2ir,max,16.4,Continuous,NA
dpp,homa2ir,freq,1372,Continuous,NA
dpp,homa2ir,missing,22,Continuous,NA
dpp,ldlc,mean,121.31994261119081,Continuous,NA
dpp,ldlc,sd,31.339322372595184,Continuous,NA
dpp,ldlc,median,120,Continuous,NA
dpp,ldlc,q25,101,Continuous,NA
dpp,ldlc,q75,141,Continuous,NA
dpp,ldlc,min,19,Continuous,NA
dpp,ldlc,max,287,Continuous,NA
dpp,ldlc,freq,1394,Continuous,NA
dpp,ldlc,missing,0,Continuous,NA
dpp,hdlc,mean,43.031563845050215,Continuous,NA
dpp,hdlc,sd,10.80183079822823,Continuous,NA
dpp,hdlc,median,42,Continuous,NA
dpp,hdlc,q25,35,Continuous,NA
dpp,hdlc,q75,48,Continuous,NA
dpp,hdlc,min,19,Continuous,NA
dpp,hdlc,max,84,Continuous,NA
dpp,hdlc,freq,1394,Continuous,NA
dpp,hdlc,missing,0,Continuous,NA
dpp,tgl,mean,170.91391678622668,Continuous,NA
dpp,tgl,sd,97.46899545695126,Continuous,NA
dpp,tgl,median,147,Continuous,NA
dpp,tgl,q25,108,Continuous,NA
dpp,tgl,q75,208,Continuous,NA
dpp,tgl,min,33,Continuous,NA
dpp,tgl,max,746,Continuous,NA
dpp,tgl,freq,1394,Continuous,NA
dpp,tgl,missing,0,Continuous,NA
dpp,sbp,mean,126.09841954022988,Continuous,NA
dpp,sbp,sd,14.443399944527473,Continuous,NA
dpp,sbp,median,125,Continuous,NA
dpp,sbp,q25,117,Continuous,NA
dpp,sbp,q75,134,Continuous,NA
dpp,sbp,min,89,Continuous,NA
dpp,sbp,max,182,Continuous,NA
dpp,sbp,freq,1392,Continuous,NA
dpp,sbp,missing,2,Continuous,NA
dpp,dbp,mean,78.62787356321839,Continuous,NA
dpp,dbp,sd,9.641348412609808,Continuous,NA
dpp,dbp,median,79,Continuous,NA
dpp,dbp,q25,72,Continuous,NA
dpp,dbp,q75,85,Continuous,NA
dpp,dbp,min,41,Continuous,NA
dpp,dbp,max,114,Continuous,NA
dpp,dbp,freq,1392,Continuous,NA
dpp,dbp,missing,2,Continuous,NA
dpp,ratio_th,mean,4.467416894578192,Continuous,NA
dpp,ratio_th,sd,3.4251209069243704,Continuous,NA
dpp,ratio_th,median,3.5,Continuous,NA
dpp,ratio_th,q25,2.294117647,Continuous,NA
dpp,ratio_th,q75,5.411764706,Continuous,NA
dpp,ratio_th,min,0.414634146,Continuous,NA
dpp,ratio_th,max,27.62962963,Continuous,NA
dpp,ratio_th,freq,1394,Continuous,NA
dpp,ratio_th,missing,0,Continuous,NA
dpp,ast,mean,NA,Continuous,NA
dpp,ast,sd,NA,Continuous,NA
dpp,ast,median,NA,Continuous,NA
dpp,ast,q25,NA,Continuous,NA
dpp,ast,q75,NA,Continuous,NA
dpp,ast,min,Inf,Continuous,NA
dpp,ast,max,-Inf,Continuous,NA
dpp,ast,freq,0,Continuous,NA
dpp,ast,missing,1394,Continuous,NA
dpp,alt,mean,NA,Continuous,NA
dpp,alt,sd,NA,Continuous,NA
dpp,alt,median,NA,Continuous,NA
dpp,alt,q25,NA,Continuous,NA
dpp,alt,q75,NA,Continuous,NA
dpp,alt,min,Inf,Continuous,NA
dpp,alt,max,-Inf,Continuous,NA
dpp,alt,freq,0,Continuous,NA
dpp,alt,missing,1394,Continuous,NA
dpp,urinealbumin,mean,NA,Continuous,NA
dpp,urinealbumin,sd,NA,Continuous,NA
dpp,urinealbumin,median,NA,Continuous,NA
dpp,urinealbumin,q25,NA,Continuous,NA
dpp,urinealbumin,q75,NA,Continuous,NA
dpp,urinealbumin,min,Inf,Continuous,NA
dpp,urinealbumin,max,-Inf,Continuous,NA
dpp,urinealbumin,freq,0,Continuous,NA
dpp,urinealbumin,missing,1394,Continuous,NA
dpp,urinecreatinine,mean,155.27011494252872,Continuous,NA
dpp,urinecreatinine,sd,81.33280633748147,Continuous,NA
dpp,urinecreatinine,median,145.75,Continuous,NA
dpp,urinecreatinine,q25,95.2,Continuous,NA
dpp,urinecreatinine,q75,205.6,Continuous,NA
dpp,urinecreatinine,min,16.4,Continuous,NA
dpp,urinecreatinine,max,453.9,Continuous,NA
dpp,urinecreatinine,freq,348,Continuous,NA
dpp,urinecreatinine,missing,1046,Continuous,NA
dpp,uacr,mean,NA,Continuous,NA
dpp,uacr,sd,NA,Continuous,NA
dpp,uacr,median,NA,Continuous,NA
dpp,uacr,q25,NA,Continuous,NA
dpp,uacr,q75,NA,Continuous,NA
dpp,uacr,min,Inf,Continuous,NA
dpp,uacr,max,-Inf,Continuous,NA
dpp,uacr,freq,0,Continuous,NA
dpp,uacr,missing,1394,Continuous,NA
dpp,egfr,mean,NA,Continuous,NA
dpp,egfr,sd,NA,Continuous,NA
dpp,egfr,median,NA,Continuous,NA
dpp,egfr,q25,NA,Continuous,NA
dpp,egfr,q75,NA,Continuous,NA
dpp,egfr,min,Inf,Continuous,NA
dpp,egfr,max,-Inf,Continuous,NA
dpp,egfr,freq,0,Continuous,NA
dpp,egfr,missing,1394,Continuous,NA
dppos,dmagediag,mean,58.5141024625896,Continuous,NA
dppos,dmagediag,sd,9.521023074810198,Continuous,NA
dppos,dmagediag,median,57.48493151,Continuous,NA
dppos,dmagediag,q25,51.46027397,Continuous,NA
dppos,dmagediag,q75,66.00273973,Continuous,NA
dppos,dmagediag,min,39.9890411,Continuous,NA
dppos,dmagediag,max,82.02191781,Continuous,NA
dppos,dmagediag,freq,1730,Continuous,NA
dppos,dmagediag,missing,0,Continuous,NA
dppos,bmi,mean,34.910434175086706,Continuous,NA
dppos,bmi,sd,6.974777602330918,Continuous,NA
dppos,bmi,median,33.98764942,Continuous,NA
dppos,bmi,q25,29.6684611,Continuous,NA
dppos,bmi,q75,39.05391683,Continuous,NA
dppos,bmi,min,20.25610832,Continuous,NA
dppos,bmi,max,64.3956605,Continuous,NA
dppos,bmi,freq,1730,Continuous,NA
dppos,bmi,missing,0,Continuous,NA
dppos,hba1c,mean,6.081849710982659,Continuous,NA
dppos,hba1c,sd,0.6542869623539325,Continuous,NA
dppos,hba1c,median,6.1,Continuous,NA
dppos,hba1c,q25,5.7,Continuous,NA
dppos,hba1c,q75,6.4,Continuous,NA
dppos,hba1c,min,4.4,Continuous,NA
dppos,hba1c,max,17.2,Continuous,NA
dppos,hba1c,freq,1730,Continuous,NA
dppos,hba1c,missing,0,Continuous,NA
dppos,glucosef2,mean,6.813924277456647,Continuous,NA
dppos,glucosef2,sd,1.0107146563634186,Continuous,NA
dppos,glucosef2,median,6.882,Continuous,NA
dppos,glucosef2,q25,6.1605,Continuous,NA
dppos,glucosef2,q75,7.326,Continuous,NA
dppos,glucosef2,min,4.4955,Continuous,NA
dppos,glucosef2,max,20.313,Continuous,NA
dppos,glucosef2,freq,1730,Continuous,NA
dppos,glucosef2,missing,0,Continuous,NA
dppos,insulinf2,mean,221.1767441860465,Continuous,NA
dppos,insulinf2,sd,140.8669892553877,Continuous,NA
dppos,insulinf2,median,196.8,Continuous,NA
dppos,insulinf2,q25,125.85,Continuous,NA
dppos,insulinf2,q75,280.8,Continuous,NA
dppos,insulinf2,min,18,Continuous,NA
dppos,insulinf2,max,1850.4,Continuous,NA
dppos,insulinf2,freq,1720,Continuous,NA
dppos,insulinf2,missing,10,Continuous,NA
dppos,homa2b,mean,139.64441860465115,Continuous,NA
dppos,homa2b,sd,59.09895216364141,Continuous,NA
dppos,homa2b,median,129.5,Continuous,NA
dppos,homa2b,q25,100.07499999999999,Continuous,NA
dppos,homa2b,q75,171.74999999999997,Continuous,NA
dppos,homa2b,min,6.2,Continuous,NA
dppos,homa2b,max,541.3,Continuous,NA
dppos,homa2b,freq,1720,Continuous,NA
dppos,homa2b,missing,10,Continuous,NA
dppos,homa2ir,mean,4.184883720930233,Continuous,NA
dppos,homa2ir,sd,2.421602286971935,Continuous,NA
dppos,homa2ir,median,3.8,Continuous,NA
dppos,homa2ir,q25,2.475,Continuous,NA
dppos,homa2ir,q75,5.324999999999999,Continuous,NA
dppos,homa2ir,min,0.4,Continuous,NA
dppos,homa2ir,max,27,Continuous,NA
dppos,homa2ir,freq,1720,Continuous,NA
dppos,homa2ir,missing,10,Continuous,NA
dppos,ldlc,mean,111.928157589803,Continuous,NA
dppos,ldlc,sd,33.03499322998275,Continuous,NA
dppos,ldlc,median,110,Continuous,NA
dppos,ldlc,q25,89,Continuous,NA
dppos,ldlc,q75,132,Continuous,NA
dppos,ldlc,min,25,Continuous,NA
dppos,ldlc,max,252,Continuous,NA
dppos,ldlc,freq,1726,Continuous,NA
dppos,ldlc,missing,4,Continuous,NA
dppos,hdlc,mean,47.23290845886443,Continuous,NA
dppos,hdlc,sd,12.369208398500222,Continuous,NA
dppos,hdlc,median,45,Continuous,NA
dppos,hdlc,q25,39,Continuous,NA
dppos,hdlc,q75,53,Continuous,NA
dppos,hdlc,min,17,Continuous,NA
dppos,hdlc,max,107,Continuous,NA
dppos,hdlc,freq,1726,Continuous,NA
dppos,hdlc,missing,4,Continuous,NA
dppos,tgl,mean,157.54924681344147,Continuous,NA
dppos,tgl,sd,101.56439897209462,Continuous,NA
dppos,tgl,median,134,Continuous,NA
dppos,tgl,q25,99,Continuous,NA
dppos,tgl,q75,186,Continuous,NA
dppos,tgl,min,34,Continuous,NA
dppos,tgl,max,1521,Continuous,NA
dppos,tgl,freq,1726,Continuous,NA
dppos,tgl,missing,4,Continuous,NA
dppos,sbp,mean,123.75202312138728,Continuous,NA
dppos,sbp,sd,14.47380749772659,Continuous,NA
dppos,sbp,median,122,Continuous,NA
dppos,sbp,q25,114,Continuous,NA
dppos,sbp,q75,131,Continuous,NA
dppos,sbp,min,82,Continuous,NA
dppos,sbp,max,191,Continuous,NA
dppos,sbp,freq,1730,Continuous,NA
dppos,sbp,missing,0,Continuous,NA
dppos,dbp,mean,75.15549132947977,Continuous,NA
dppos,dbp,sd,9.178887713668415,Continuous,NA
dppos,dbp,median,76,Continuous,NA
dppos,dbp,q25,69,Continuous,NA
dppos,dbp,q75,81,Continuous,NA
dppos,dbp,min,34,Continuous,NA
dppos,dbp,max,102,Continuous,NA
dppos,dbp,freq,1730,Continuous,NA
dppos,dbp,missing,0,Continuous,NA
dppos,ratio_th,mean,3.80989493882387,Continuous,NA
dppos,ratio_th,sd,3.584137295665302,Continuous,NA
dppos,ratio_th,median,2.971428571,Continuous,NA
dppos,ratio_th,q25,1.9548796795,Continuous,NA
dppos,ratio_th,q75,4.45979021025,Continuous,NA
dppos,ratio_th,min,0.414634146,Continuous,NA
dppos,ratio_th,max,60.84,Continuous,NA
dppos,ratio_th,freq,1726,Continuous,NA
dppos,ratio_th,missing,4,Continuous,NA
dppos,ast,mean,27.890625,Continuous,NA
dppos,ast,sd,18.274475282491526,Continuous,NA
dppos,ast,median,23,Continuous,NA
dppos,ast,q25,19,Continuous,NA
dppos,ast,q75,30,Continuous,NA
dppos,ast,min,14,Continuous,NA
dppos,ast,max,134,Continuous,NA
dppos,ast,freq,128,Continuous,NA
dppos,ast,missing,1602,Continuous,NA
dppos,alt,mean,28.609375,Continuous,NA
dppos,alt,sd,29.90568754664897,Continuous,NA
dppos,alt,median,19.5,Continuous,NA
dppos,alt,q25,14.75,Continuous,NA
dppos,alt,q75,33,Continuous,NA
dppos,alt,min,9,Continuous,NA
dppos,alt,max,232,Continuous,NA
dppos,alt,freq,128,Continuous,NA
dppos,alt,missing,1602,Continuous,NA
dppos,urinealbumin,mean,NA,Continuous,NA
dppos,urinealbumin,sd,NA,Continuous,NA
dppos,urinealbumin,median,NA,Continuous,NA
dppos,urinealbumin,q25,NA,Continuous,NA
dppos,urinealbumin,q75,NA,Continuous,NA
dppos,urinealbumin,min,Inf,Continuous,NA
dppos,urinealbumin,max,-Inf,Continuous,NA
dppos,urinealbumin,freq,0,Continuous,NA
dppos,urinealbumin,missing,1730,Continuous,NA
dppos,urinecreatinine,mean,NA,Continuous,NA
dppos,urinecreatinine,sd,NA,Continuous,NA
dppos,urinecreatinine,median,NA,Continuous,NA
dppos,urinecreatinine,q25,NA,Continuous,NA
dppos,urinecreatinine,q75,NA,Continuous,NA
dppos,urinecreatinine,min,Inf,Continuous,NA
dppos,urinecreatinine,max,-Inf,Continuous,NA
dppos,urinecreatinine,freq,0,Continuous,NA
dppos,urinecreatinine,missing,1730,Continuous,NA
dppos,uacr,mean,NA,Continuous,NA
dppos,uacr,sd,NA,Continuous,NA
dppos,uacr,median,NA,Continuous,NA
dppos,uacr,q25,NA,Continuous,NA
dppos,uacr,q75,NA,Continuous,NA
dppos,uacr,min,Inf,Continuous,NA
dppos,uacr,max,-Inf,Continuous,NA
dppos,uacr,freq,0,Continuous,NA
dppos,uacr,missing,1730,Continuous,NA
dppos,egfr,mean,NA,Continuous,NA
dppos,egfr,sd,NA,Continuous,NA
dppos,egfr,median,NA,Continuous,NA
dppos,egfr,q25,NA,Continuous,NA
dppos,egfr,q75,NA,Continuous,NA
dppos,egfr,min,Inf,Continuous,NA
dppos,egfr,max,-Inf,Continuous,NA
dppos,egfr,freq,0,Continuous,NA
dppos,egfr,missing,1730,Continuous,NA
jhs,dmagediag,mean,61.99175824175824,Continuous,NA
jhs,dmagediag,sd,11.113660313137991,Continuous,NA
jhs,dmagediag,median,63,Continuous,NA
jhs,dmagediag,q25,54,Continuous,NA
jhs,dmagediag,q75,70,Continuous,NA
jhs,dmagediag,min,22,Continuous,NA
jhs,dmagediag,max,100,Continuous,NA
jhs,dmagediag,freq,2184,Continuous,NA
jhs,dmagediag,missing,0,Continuous,NA
jhs,bmi,mean,34.389622232454215,Continuous,NA
jhs,bmi,sd,6.955080162480002,Continuous,NA
jhs,bmi,median,33.367754855,Continuous,NA
jhs,bmi,q25,29.33805359,Continuous,NA
jhs,bmi,q75,38.0510699625,Continuous,NA
jhs,bmi,min,18.77211238,Continuous,NA
jhs,bmi,max,66.14380905,Continuous,NA
jhs,bmi,freq,2184,Continuous,NA
jhs,bmi,missing,0,Continuous,NA
jhs,hba1c,mean,7.507417582417582,Continuous,NA
jhs,hba1c,sd,1.6141977488829486,Continuous,NA
jhs,hba1c,median,7,Continuous,NA
jhs,hba1c,q25,6.6,Continuous,NA
jhs,hba1c,q75,7.9,Continuous,NA
jhs,hba1c,min,4.6,Continuous,NA
jhs,hba1c,max,17.4,Continuous,NA
jhs,hba1c,freq,2184,Continuous,NA
jhs,hba1c,missing,0,Continuous,NA
jhs,glucosef2,mean,7.6546760939167555,Continuous,NA
jhs,glucosef2,sd,2.7742480332456645,Continuous,NA
jhs,glucosef2,median,6.882,Continuous,NA
jhs,glucosef2,q25,5.9385,Continuous,NA
jhs,glucosef2,q75,8.2695,Continuous,NA
jhs,glucosef2,min,2.109,Continuous,NA
jhs,glucosef2,max,22.0335,Continuous,NA
jhs,glucosef2,freq,1874,Continuous,NA
jhs,glucosef2,missing,310,Continuous,NA
jhs,insulinf2,mean,124.17065868263474,Continuous,NA
jhs,insulinf2,sd,101.29811046305868,Continuous,NA
jhs,insulinf2,median,102,Continuous,NA
jhs,insulinf2,q25,66,Continuous,NA
jhs,insulinf2,q75,156,Continuous,NA
jhs,insulinf2,min,6,Continuous,NA
jhs,insulinf2,max,1296,Continuous,NA
jhs,insulinf2,freq,1336,Continuous,NA
jhs,insulinf2,missing,848,Continuous,NA
jhs,homa2b,mean,91.474251497006,Continuous,NA
jhs,homa2b,sd,69.20623531828588,Continuous,NA
jhs,homa2b,median,78.1,Continuous,NA
jhs,homa2b,q25,50.025000000000006,Continuous,NA
jhs,homa2b,q75,114.27499999999999,Continuous,NA
jhs,homa2b,min,4.1,Continuous,NA
jhs,homa2b,max,949.9,Continuous,NA
jhs,homa2b,freq,1336,Continuous,NA
jhs,homa2b,missing,848,Continuous,NA
jhs,homa2ir,mean,2.4773952095808385,Continuous,NA
jhs,homa2ir,sd,1.8105676754440312,Continuous,NA
jhs,homa2ir,median,2.1,Continuous,NA
jhs,homa2ir,q25,1.3,Continuous,NA
jhs,homa2ir,q75,3.125,Continuous,NA
jhs,homa2ir,min,0.1,Continuous,NA
jhs,homa2ir,max,21.3,Continuous,NA
jhs,homa2ir,freq,1336,Continuous,NA
jhs,homa2ir,missing,848,Continuous,NA
jhs,ldlc,mean,119.06283856988082,Continuous,NA
jhs,ldlc,sd,40.52787665670751,Continuous,NA
jhs,ldlc,median,117,Continuous,NA
jhs,ldlc,q25,89,Continuous,NA
jhs,ldlc,q75,144,Continuous,NA
jhs,ldlc,min,34,Continuous,NA
jhs,ldlc,max,310,Continuous,NA
jhs,ldlc,freq,1846,Continuous,NA
jhs,ldlc,missing,338,Continuous,NA
jhs,hdlc,mean,50.950907150480255,Continuous,NA
jhs,hdlc,sd,14.179752969101141,Continuous,NA
jhs,hdlc,median,49,Continuous,NA
jhs,hdlc,q25,41,Continuous,NA
jhs,hdlc,q75,59,Continuous,NA
jhs,hdlc,min,23,Continuous,NA
jhs,hdlc,max,147,Continuous,NA
jhs,hdlc,freq,1874,Continuous,NA
jhs,hdlc,missing,310,Continuous,NA
jhs,tgl,mean,127.5496264674493,Continuous,NA
jhs,tgl,sd,130.00747418806978,Continuous,NA
jhs,tgl,median,104,Continuous,NA
jhs,tgl,q25,75,Continuous,NA
jhs,tgl,q75,146,Continuous,NA
jhs,tgl,min,24,Continuous,NA
jhs,tgl,max,3065,Continuous,NA
jhs,tgl,freq,1874,Continuous,NA
jhs,tgl,missing,310,Continuous,NA
jhs,sbp,mean,130.11511486238533,Continuous,NA
jhs,sbp,sd,19.21619091020578,Continuous,NA
jhs,sbp,median,128,Continuous,NA
jhs,sbp,q25,117,Continuous,NA
jhs,sbp,q75,140.3341,Continuous,NA
jhs,sbp,min,88,Continuous,NA
jhs,sbp,max,227,Continuous,NA
jhs,sbp,freq,2180,Continuous,NA
jhs,sbp,missing,4,Continuous,NA
jhs,dbp,mean,74.29677357798165,Continuous,NA
jhs,dbp,sd,10.731720231628694,Continuous,NA
jhs,dbp,median,74,Continuous,NA
jhs,dbp,q25,67,Continuous,NA
jhs,dbp,q75,80.8584,Continuous,NA
jhs,dbp,min,45.1641,Continuous,NA
jhs,dbp,max,122.3634,Continuous,NA
jhs,dbp,freq,2180,Continuous,NA
jhs,dbp,missing,4,Continuous,NA
jhs,ratio_th,mean,2.871474426449306,Continuous,NA
jhs,ratio_th,sd,3.88764827409736,Continuous,NA
jhs,ratio_th,median,2.122807018,Continuous,NA
jhs,ratio_th,q25,1.395833333,Continuous,NA
jhs,ratio_th,q75,3.333333333,Continuous,NA
jhs,ratio_th,min,0.333333333,Continuous,NA
jhs,ratio_th,max,87.57142857,Continuous,NA
jhs,ratio_th,freq,1874,Continuous,NA
jhs,ratio_th,missing,310,Continuous,NA
jhs,ast,mean,NA,Continuous,NA
jhs,ast,sd,NA,Continuous,NA
jhs,ast,median,NA,Continuous,NA
jhs,ast,q25,NA,Continuous,NA
jhs,ast,q75,NA,Continuous,NA
jhs,ast,min,Inf,Continuous,NA
jhs,ast,max,-Inf,Continuous,NA
jhs,ast,freq,0,Continuous,NA
jhs,ast,missing,2184,Continuous,NA
jhs,alt,mean,NA,Continuous,NA
jhs,alt,sd,NA,Continuous,NA
jhs,alt,median,NA,Continuous,NA
jhs,alt,q25,NA,Continuous,NA
jhs,alt,q75,NA,Continuous,NA
jhs,alt,min,Inf,Continuous,NA
jhs,alt,max,-Inf,Continuous,NA
jhs,alt,freq,0,Continuous,NA
jhs,alt,missing,2184,Continuous,NA
jhs,urinealbumin,mean,12.603132664437013,Continuous,NA
jhs,urinealbumin,sd,51.173515514621116,Continuous,NA
jhs,urinealbumin,median,1.6,Continuous,NA
jhs,urinealbumin,q25,0.8,Continuous,NA
jhs,urinealbumin,q75,4.3,Continuous,NA
jhs,urinealbumin,min,0.1,Continuous,NA
jhs,urinealbumin,max,644,Continuous,NA
jhs,urinealbumin,freq,1794,Continuous,NA
jhs,urinealbumin,missing,390,Continuous,NA
jhs,urinecreatinine,mean,147.07497243660418,Continuous,NA
jhs,urinecreatinine,sd,79.05357788464973,Continuous,NA
jhs,urinecreatinine,median,135,Continuous,NA
jhs,urinecreatinine,q25,91,Continuous,NA
jhs,urinecreatinine,q75,187,Continuous,NA
jhs,urinecreatinine,min,8,Continuous,NA
jhs,urinecreatinine,max,562,Continuous,NA
jhs,urinecreatinine,freq,1814,Continuous,NA
jhs,urinecreatinine,missing,370,Continuous,NA
jhs,uacr,mean,NA,Continuous,NA
jhs,uacr,sd,NA,Continuous,NA
jhs,uacr,median,NA,Continuous,NA
jhs,uacr,q25,NA,Continuous,NA
jhs,uacr,q75,NA,Continuous,NA
jhs,uacr,min,Inf,Continuous,NA
jhs,uacr,max,-Inf,Continuous,NA
jhs,uacr,freq,0,Continuous,NA
jhs,uacr,missing,2184,Continuous,NA
jhs,egfr,mean,92.09871398786282,Continuous,NA
jhs,egfr,sd,22.152285800457236,Continuous,NA
jhs,egfr,median,94.96751404,Continuous,NA
jhs,egfr,q25,77.48851212,Continuous,NA
jhs,egfr,q75,108.5812134,Continuous,NA
jhs,egfr,min,9.918591528,Continuous,NA
jhs,egfr,max,140.3326083,Continuous,NA
jhs,egfr,freq,554,Continuous,NA
jhs,egfr,missing,1630,Continuous,NA
mesa,dmagediag,mean,66.39438502673796,Continuous,NA
mesa,dmagediag,sd,9.582917941685263,Continuous,NA
mesa,dmagediag,median,67,Continuous,NA
mesa,dmagediag,q25,59,Continuous,NA
mesa,dmagediag,q75,74,Continuous,NA
mesa,dmagediag,min,46,Continuous,NA
mesa,dmagediag,max,93,Continuous,NA
mesa,dmagediag,freq,1496,Continuous,NA
mesa,dmagediag,missing,0,Continuous,NA
mesa,bmi,mean,30.960076228542782,Continuous,NA
mesa,bmi,sd,5.9377164735830466,Continuous,NA
mesa,bmi,median,30.024630845,Continuous,NA
mesa,bmi,q25,26.688586755000003,Continuous,NA
mesa,bmi,q75,34.509367662500004,Continuous,NA
mesa,bmi,min,17.40535622,Continuous,NA
mesa,bmi,max,54.90003851,Continuous,NA
mesa,bmi,freq,1496,Continuous,NA
mesa,bmi,missing,0,Continuous,NA
mesa,hba1c,mean,6.8024064171123,Continuous,NA
mesa,hba1c,sd,1.1970061139030723,Continuous,NA
mesa,hba1c,median,6.6,Continuous,NA
mesa,hba1c,q25,6.2,Continuous,NA
mesa,hba1c,q75,7,Continuous,NA
mesa,hba1c,min,4.7,Continuous,NA
mesa,hba1c,max,15,Continuous,NA
mesa,hba1c,freq,1496,Continuous,NA
mesa,hba1c,missing,0,Continuous,NA
mesa,glucosef2,mean,7.129969251336899,Continuous,NA
mesa,glucosef2,sd,2.1975249576562526,Continuous,NA
mesa,glucosef2,median,6.66,Continuous,NA
mesa,glucosef2,q25,5.8275,Continuous,NA
mesa,glucosef2,q75,7.659,Continuous,NA
mesa,glucosef2,min,3.441,Continuous,NA
mesa,glucosef2,max,18.87,Continuous,NA
mesa,glucosef2,freq,1496,Continuous,NA
mesa,glucosef2,missing,0,Continuous,NA
mesa,insulinf2,mean,477.51428571428573,Continuous,NA
mesa,insulinf2,sd,287.3140182012445,Continuous,NA
mesa,insulinf2,median,396,Continuous,NA
mesa,insulinf2,q25,280.5,Continuous,NA
mesa,insulinf2,q75,618,Continuous,NA
mesa,insulinf2,min,72,Continuous,NA
mesa,insulinf2,max,1806,Continuous,NA
mesa,insulinf2,freq,560,Continuous,NA
mesa,insulinf2,missing,936,Continuous,NA
mesa,homa2b,mean,283.50142857142856,Continuous,NA
mesa,homa2b,sd,145.3178063005673,Continuous,NA
mesa,homa2b,median,266.1,Continuous,NA
mesa,homa2b,q25,188.425,Continuous,NA
mesa,homa2b,q75,351.8,Continuous,NA
mesa,homa2b,min,22,Continuous,NA
mesa,homa2b,max,1250.5,Continuous,NA
mesa,homa2b,freq,560,Continuous,NA
mesa,homa2b,missing,936,Continuous,NA
mesa,homa2ir,mean,8.262857142857143,Continuous,NA
mesa,homa2ir,sd,4.385915706055997,Continuous,NA
mesa,homa2ir,median,7.3,Continuous,NA
mesa,homa2ir,q25,5.1,Continuous,NA
mesa,homa2ir,q75,10.925,Continuous,NA
mesa,homa2ir,min,1.4,Continuous,NA
mesa,homa2ir,max,27,Continuous,NA
mesa,homa2ir,freq,560,Continuous,NA
mesa,homa2ir,missing,936,Continuous,NA
mesa,ldlc,mean,106.85109289617486,Continuous,NA
mesa,ldlc,sd,32.19435954057581,Continuous,NA
mesa,ldlc,median,105,Continuous,NA
mesa,ldlc,q25,85,Continuous,NA
mesa,ldlc,q75,126,Continuous,NA
mesa,ldlc,min,21,Continuous,NA
mesa,ldlc,max,226,Continuous,NA
mesa,ldlc,freq,1464,Continuous,NA
mesa,ldlc,missing,32,Continuous,NA
mesa,hdlc,mean,49.13770053475936,Continuous,NA
mesa,hdlc,sd,14.169580533719582,Continuous,NA
mesa,hdlc,median,47,Continuous,NA
mesa,hdlc,q25,39,Continuous,NA
mesa,hdlc,q75,56,Continuous,NA
mesa,hdlc,min,23,Continuous,NA
mesa,hdlc,max,136,Continuous,NA
mesa,hdlc,freq,1496,Continuous,NA
mesa,hdlc,missing,0,Continuous,NA
mesa,tgl,mean,144.3288770053476,Continuous,NA
mesa,tgl,sd,97.85453059961924,Continuous,NA
mesa,tgl,median,123,Continuous,NA
mesa,tgl,q25,86,Continuous,NA
mesa,tgl,q75,171.25,Continuous,NA
mesa,tgl,min,36,Continuous,NA
mesa,tgl,max,1090,Continuous,NA
mesa,tgl,freq,1496,Continuous,NA
mesa,tgl,missing,0,Continuous,NA
mesa,sbp,mean,128.09714794878343,Continuous,NA
mesa,sbp,sd,20.099447904628715,Continuous,NA
mesa,sbp,median,126.16666665,Continuous,NA
mesa,sbp,q25,113.6666667,Continuous,NA
mesa,sbp,q75,139.3333333,Continuous,NA
mesa,sbp,min,73.33333333,Continuous,NA
mesa,sbp,max,213.6666667,Continuous,NA
mesa,sbp,freq,1496,Continuous,NA
mesa,sbp,missing,0,Continuous,NA
mesa,dbp,mean,70.65552584653743,Continuous,NA
mesa,dbp,sd,10.709877390415835,Continuous,NA
mesa,dbp,median,70.5,Continuous,NA
mesa,dbp,q25,62.916666667499996,Continuous,NA
mesa,dbp,q75,77.66666667,Continuous,NA
mesa,dbp,min,37.33333333,Continuous,NA
mesa,dbp,max,108,Continuous,NA
mesa,dbp,freq,1496,Continuous,NA
mesa,dbp,missing,0,Continuous,NA
mesa,ratio_th,mean,3.414489944803476,Continuous,NA
mesa,ratio_th,sd,3.1738356873680464,Continuous,NA
mesa,ratio_th,median,2.6039215685,Continuous,NA
mesa,ratio_th,q25,1.6306856189999999,Continuous,NA
mesa,ratio_th,q75,4.07208994675,Continuous,NA
mesa,ratio_th,min,0.369747899,Continuous,NA
mesa,ratio_th,max,34.0625,Continuous,NA
mesa,ratio_th,freq,1496,Continuous,NA
mesa,ratio_th,missing,0,Continuous,NA
mesa,ast,mean,NA,Continuous,NA
mesa,ast,sd,NA,Continuous,NA
mesa,ast,median,NA,Continuous,NA
mesa,ast,q25,NA,Continuous,NA
mesa,ast,q75,NA,Continuous,NA
mesa,ast,min,Inf,Continuous,NA
mesa,ast,max,-Inf,Continuous,NA
mesa,ast,freq,0,Continuous,NA
mesa,ast,missing,1496,Continuous,NA
mesa,alt,mean,NA,Continuous,NA
mesa,alt,sd,NA,Continuous,NA
mesa,alt,median,NA,Continuous,NA
mesa,alt,q25,NA,Continuous,NA
mesa,alt,q75,NA,Continuous,NA
mesa,alt,min,Inf,Continuous,NA
mesa,alt,max,-Inf,Continuous,NA
mesa,alt,freq,0,Continuous,NA
mesa,alt,missing,1496,Continuous,NA
mesa,urinealbumin,mean,4.077837837837838,Continuous,NA
mesa,urinealbumin,sd,13.291223727781219,Continuous,NA
mesa,urinealbumin,median,0.9,Continuous,NA
mesa,urinealbumin,q25,0.4,Continuous,NA
mesa,urinealbumin,q75,2.4,Continuous,NA
mesa,urinealbumin,min,0.1,Continuous,NA
mesa,urinealbumin,max,205,Continuous,NA
mesa,urinealbumin,freq,1480,Continuous,NA
mesa,urinealbumin,missing,16,Continuous,NA
mesa,urinecreatinine,mean,125.6,Continuous,NA
mesa,urinecreatinine,sd,69.95788533168464,Continuous,NA
mesa,urinecreatinine,median,117.65,Continuous,NA
mesa,urinecreatinine,q25,72.52499999999999,Continuous,NA
mesa,urinecreatinine,q75,165.525,Continuous,NA
mesa,urinecreatinine,min,8.5,Continuous,NA
mesa,urinecreatinine,max,514.7,Continuous,NA
mesa,urinecreatinine,freq,1480,Continuous,NA
mesa,urinecreatinine,missing,16,Continuous,NA
mesa,uacr,mean,37.92075675675676,Continuous,NA
mesa,uacr,sd,137.6689890459382,Continuous,NA
mesa,uacr,median,8.115,Continuous,NA
mesa,uacr,q25,4.2,Continuous,NA
mesa,uacr,q75,20.175,Continuous,NA
mesa,uacr,min,1.1,Continuous,NA
mesa,uacr,max,1985.1,Continuous,NA
mesa,uacr,freq,1480,Continuous,NA
mesa,uacr,missing,16,Continuous,NA
mesa,egfr,mean,69.54339924220395,Continuous,NA
mesa,egfr,sd,16.386162199032572,Continuous,NA
mesa,egfr,median,70.2696865,Continuous,NA
mesa,egfr,q25,58.9050476375,Continuous,NA
mesa,egfr,q75,79.5698664025,Continuous,NA
mesa,egfr,min,18.49344756,Continuous,NA
mesa,egfr,max,110.2315875,Continuous,NA
mesa,egfr,freq,608,Continuous,NA
mesa,egfr,missing,888,Continuous,NA
aric,female,proportion,54.63917525773196,Proportion,NA
aric,female,freq,2134,Proportion,NA
aric,female,missing,0,Proportion,NA
cardia,female,proportion,54.93333333333334,Proportion,NA
cardia,female,freq,750,Proportion,NA
cardia,female,missing,0,Proportion,NA
dpp,female,proportion,64.70588235294117,Proportion,NA
dpp,female,freq,1394,Proportion,NA
dpp,female,missing,0,Proportion,NA
dppos,female,proportion,65.78034682080924,Proportion,NA
dppos,female,freq,1730,Proportion,NA
dppos,female,missing,0,Proportion,NA
jhs,female,proportion,62.17948717948718,Proportion,NA
jhs,female,freq,2184,Proportion,NA
jhs,female,missing,0,Proportion,NA
mesa,female,proportion,50.668449197860966,Proportion,NA
mesa,female,freq,1496,Proportion,NA
mesa,female,missing,0,Proportion,NA
aric,race_rev,proportion,27.835051546391753,Grouped,AA
aric,race_rev,freq,594,Grouped,AA
aric,race_rev,proportion,72.16494845360825,Grouped,White
aric,race_rev,freq,1540,Grouped,White
cardia,race_rev,proportion,70.4,Grouped,AA
cardia,race_rev,freq,528,Grouped,AA
cardia,race_rev,proportion,29.6,Grouped,White
cardia,race_rev,freq,222,Grouped,White
dpp,race_rev,proportion,22.381635581061694,Grouped,AA
dpp,race_rev,freq,312,Grouped,AA
dpp,race_rev,proportion,22.812051649928264,Grouped,Other
dpp,race_rev,freq,318,Grouped,Other
dpp,race_rev,proportion,54.80631276901004,Grouped,White
dpp,race_rev,freq,764,Grouped,White
dppos,race_rev,proportion,23.69942196531792,Grouped,AA
dppos,race_rev,freq,410,Grouped,AA
dppos,race_rev,proportion,21.502890173410403,Grouped,Other
dppos,race_rev,freq,372,Grouped,Other
dppos,race_rev,proportion,54.797687861271676,Grouped,White
dppos,race_rev,freq,948,Grouped,White
jhs,race_rev,proportion,100,Grouped,AA
jhs,race_rev,freq,2184,Grouped,AA
mesa,race_rev,proportion,35.6951871657754,Grouped,AA
mesa,race_rev,freq,534,Grouped,AA
mesa,race_rev,proportion,38.77005347593583,Grouped,Other
mesa,race_rev,freq,580,Grouped,Other
mesa,race_rev,proportion,25.53475935828877,Grouped,White
mesa,race_rev,freq,382,Grouped,White
aric,cluster,proportion,46.438612933458295,Grouped,MARD
aric,cluster,freq,991,Grouped,MARD
aric,cluster,proportion,1.6869728209934396,Grouped,MOD
aric,cluster,freq,36,Grouped,MOD
aric,cluster,proportion,1.4526710402999063,Grouped,SIDD
aric,cluster,freq,31,Grouped,SIDD
aric,cluster,proportion,0.4217432052483599,Grouped,SIRD
aric,cluster,freq,9,Grouped,SIRD
aric,cluster,proportion,50,Grouped,Total
aric,cluster,freq,1067,Grouped,Total
cardia,cluster,proportion,4.133333333333334,Grouped,MARD
cardia,cluster,freq,31,Grouped,MARD
cardia,cluster,proportion,38.13333333333333,Grouped,MOD
cardia,cluster,freq,286,Grouped,MOD
cardia,cluster,proportion,7.2,Grouped,SIDD
cardia,cluster,freq,54,Grouped,SIDD
cardia,cluster,proportion,0.5333333333333333,Grouped,SIRD
cardia,cluster,freq,4,Grouped,SIRD
cardia,cluster,proportion,50,Grouped,Total
cardia,cluster,freq,375,Grouped,Total
dpp,cluster,proportion,11.69296987087518,Grouped,MARD
dpp,cluster,freq,163,Grouped,MARD
dpp,cluster,proportion,36.872309899569586,Grouped,MOD
dpp,cluster,freq,514,Grouped,MOD
dpp,cluster,proportion,0.5738880918220947,Grouped,SIDD
dpp,cluster,freq,8,Grouped,SIDD
dpp,cluster,proportion,0.860832137733142,Grouped,SIRD
dpp,cluster,freq,12,Grouped,SIRD
dpp,cluster,proportion,50,Grouped,Total
dpp,cluster,freq,697,Grouped,Total
dppos,cluster,proportion,17.109826589595375,Grouped,MARD
dppos,cluster,freq,296,Grouped,MARD
dppos,cluster,proportion,29.479768786127167,Grouped,MOD
dppos,cluster,freq,510,Grouped,MOD
dppos,cluster,proportion,0.17341040462427745,Grouped,SIDD
dppos,cluster,freq,3,Grouped,SIDD
dppos,cluster,proportion,3.2369942196531793,Grouped,SIRD
dppos,cluster,freq,56,Grouped,SIRD
dppos,cluster,proportion,50,Grouped,Total
dppos,cluster,freq,865,Grouped,Total
jhs,cluster,proportion,22.802197802197803,Grouped,MARD
jhs,cluster,freq,498,Grouped,MARD
jhs,cluster,proportion,17.307692307692307,Grouped,MOD
jhs,cluster,freq,378,Grouped,MOD
jhs,cluster,proportion,8.928571428571429,Grouped,SIDD
jhs,cluster,freq,195,Grouped,SIDD
jhs,cluster,proportion,0.9615384615384616,Grouped,SIRD
jhs,cluster,freq,21,Grouped,SIRD
jhs,cluster,proportion,50,Grouped,Total
jhs,cluster,freq,1092,Grouped,Total
mesa,cluster,proportion,7.754010695187166,Grouped,MARD
mesa,cluster,freq,116,Grouped,MARD
mesa,cluster,proportion,3.0080213903743314,Grouped,MOD
mesa,cluster,freq,45,Grouped,MOD
mesa,cluster,proportion,2.1390374331550803,Grouped,SIDD
mesa,cluster,freq,32,Grouped,SIDD
mesa,cluster,proportion,37.098930481283425,Grouped,SIRD
mesa,cluster,freq,555,Grouped,SIRD
mesa,cluster,proportion,50,Grouped,Total
mesa,cluster,freq,748,Grouped,Total
